filename,category,year,constituency,title,source_url,source_page,pages,size_kb,has_native_text_layer
2021-Unmodified-Auditors-Report-Mazabuka-Council.pdf,audit_report,2021,,2021,http://www.mazabukacouncil.gov.zm/wp-content/uploads/2024/09/2021-Unmodified-Auditors-Report-Mazabuka-Council.pdf,https://www.mazabukacouncil.gov.zm/?page_id=959,3,154.7,True
2022-FINANCIAL-STATEMENT.pdf,financial_statement,2022,,2022 FINANCIAL STATEMENT.pdf,http://www.mazabukacouncil.gov.zm/wp-content/uploads/2024/09/2022-FINANCIAL-STATEMENT.pdf,https://www.mazabukacouncil.gov.zm/?page_id=959,34,8538.4,False
2022-Unmodified-Auditors-Report-Mazabuka-Council.pdf,audit_report,2022,,2022,http://www.mazabukacouncil.gov.zm/wp-content/uploads/2024/09/2022-Unmodified-Auditors-Report-Mazabuka-Council.pdf,https://www.mazabukacouncil.gov.zm/?page_id=959,3,146.4,True
2023-FINANCIAL-STATEMENT..pdf,financial_statement,2023,,2023 FINANCIAL STATEMENT.pdf,http://www.mazabukacouncil.gov.zm/wp-content/uploads/2024/12/2023-FINANCIAL-STATEMENT..pdf,https://www.mazabukacouncil.gov.zm/?page_id=959,38,13047.0,False
2023-Unmodified-Auditors-Report-Mazabuka-Council.pdf,audit_report,2023,,2023,http://www.mazabukacouncil.gov.zm/wp-content/uploads/2024/12/2023-Unmodified-Auditors-Report-Mazabuka-Council.pdf,https://www.mazabukacouncil.gov.zm/?page_id=959,3,1380.0,False
2024-FINANCIAL-STATEMENTS.pdf,financial_statement,2024,,2024 FINANCIAL STATEMENT,http://www.mazabukacouncil.gov.zm/wp-content/uploads/2025/11/2024-FINANCIAL-STATEMENTS.pdf,https://www.mazabukacouncil.gov.zm/?page_id=959,35,11677.6,True
2025-BUDGET-PRPARATION-COMMUNITY-CONSULTATIVE-MEETING-1.pdf,budget_consultative_meeting,2025,,MINUTES OF THE COMMUNITY CONSULTATIVE MEETING FOR THE 2024 BUDGET PREPARATION.pdf,http://www.mazabukacouncil.gov.zm/wp-content/uploads/2025/12/2025-BUDGET-PRPARATION-COMMUNITY-CONSULTATIVE-MEETING-1.pdf,https://www.mazabukacouncil.gov.zm/?page_id=959,12,211.4,True
2025-BUDGGET-PREPARATION-BUSINESS-STAKEHOLDERS-CONSULTATIVE-MEETING.pdf,budget_consultative_meeting,2025,,MINUTES OF THE BUSINESS STAKEHOLDERS BUDGET CONSULTATIVE MEETING FOR THE 2024 BUDGET PREPARATION.,http://www.mazabukacouncil.gov.zm/wp-content/uploads/2025/12/2025-BUDGGET-PREPARATION-BUSINESS-STAKEHOLDERS-CONSULTATIVE-MEETING.pdf,https://www.mazabukacouncil.gov.zm/?page_id=959,8,194.6,True
2025-BUSINESS-STAKEHOLDERS-ENGANGEMENT-MEETING..pdf,budget_consultative_meeting,2025,,2025 BUSINESS STAKEHOLDERS ENGAGEMENT MEETING COOPERATE BRUNCH.pdf,http://www.mazabukacouncil.gov.zm/wp-content/uploads/2025/11/2025-BUSINESS-STAKEHOLDERS-ENGANGEMENT-MEETING..pdf,https://www.mazabukacouncil.gov.zm/?page_id=959,9,111.8,True
2026-BUDGET-PREPARATION-COMMUNITY-CONSULTATIVE-MEETING.pdf,budget_consultative_meeting,2026,,MINUTES OF THE COMMUNITY CONSULTATIVE MEETING FOR THE 2026 BUDGET PREPARATION,http://www.mazabukacouncil.gov.zm/wp-content/uploads/2025/12/2026-BUDGET-PREPARATION-COMMUNITY-CONSULTATIVE-MEETING.pdf,https://www.mazabukacouncil.gov.zm/?page_id=959,14,248.2,True
2026-BUDGET-PREPARATIONS-BUSINESS-STAKEHOLDERS-CONSULTATIVE-MEETING.pdf,budget_consultative_meeting,2026,,MINUTES OF THE BUSINESS STAKEHOLDERS BUDGET CONSULTATIVE MEETING FOR THE 2026 BUDGET PREPARATION.,http://www.mazabukacouncil.gov.zm/wp-content/uploads/2025/12/2026-BUDGET-PREPARATIONS-BUSINESS-STAKEHOLDERS-CONSULTATIVE-MEETING.pdf,https://www.mazabukacouncil.gov.zm/?page_id=959,8,200.1,True
ACT-No.-1-OF-2024-THE-CONSTITUENCY-DEVELOPMENT-FUND.pdf,cdf_policy_guideline,2024,,"ACT No. 1 OF 2024, THE CONSTITUENCY DEVELOPMENT FUND",http://www.mazabukacouncil.gov.zm/wp-content/uploads/2024/12/ACT-No.-1-OF-2024-THE-CONSTITUENCY-DEVELOPMENT-FUND.pdf,https://www.mazabukacouncil.gov.zm/?page_id=959,18,418.6,True
APPLICATION-FORM-FOR-COMMUNITY-PROJECTS.pdf,other,,,CDF Community Projects Application forms,http://www.mazabukacouncil.gov.zm/wp-content/uploads/2023/11/APPLICATION-FORM-FOR-COMMUNITY-PROJECTS.pdf,https://www.mazabukacouncil.gov.zm/?page_id=1435,6,145.8,True
APPROVED-COMMUNITY-PROJECTS-2025-MAGOYE1.pdf,cdf_project_list,2025,Magoye,APPROVED 2025 COMMUNITY PROJECTS MAGOYE.pdf,http://www.mazabukacouncil.gov.zm/wp-content/uploads/2025/11/APPROVED-COMMUNITY-PROJECTS-2025-MAGOYE1.pdf,https://www.mazabukacouncil.gov.zm/?page_id=959,1,71.4,True
Act-No.-3-The-Data-Protection-Act-2021_0-2.pdf,legal_act_reference,2021,,Act No. 3 The Data Protection Act 2021_0 (2),http://www.mazabukacouncil.gov.zm/wp-content/uploads/2023/12/Act-No.-3-The-Data-Protection-Act-2021_0-2.pdf,https://www.mazabukacouncil.gov.zm/?page_id=959,40,149.9,True
BI-ANNUAL-REPORT-2025.pdf,bi_annual_performance_report,2025,,MAZABUKA,http://www.mazabukacouncil.gov.zm/wp-content/uploads/2025/12/BI-ANNUAL-REPORT-2025.pdf,https://www.mazabukacouncil.gov.zm/?page_id=959,1,1066.7,True
BI-Annual-2024-as-at-30-June-2024.pdf,bi_annual_performance_report,2024,,MAZABUKA – PERFORMANCE REPORT  BI ANNUAL 2024.pdf,http://www.mazabukacouncil.gov.zm/wp-content/uploads/2025/12/BI-Annual-2024-as-at-30-June-2024.pdf,https://www.mazabukacouncil.gov.zm/?page_id=959,3,2329.7,False
BI-Annual-2024-as-at-31st-Dec-2024.pdf,bi_annual_performance_report,2024,,MAZABUKA – PERFORMANCE REPORT ANNUAL 2024.pdf,http://www.mazabukacouncil.gov.zm/wp-content/uploads/2025/12/BI-Annual-2024-as-at-31st-Dec-2024.pdf,https://www.mazabukacouncil.gov.zm/?page_id=959,3,2178.3,False
CDF-2024-APPROVED-LIST-OF-COMMUNITY-PROJECTS-MAGOYE-1.pdf,cdf_project_list,2024,Magoye,CDF 2024 APPROVED LIST OF COMMUNITY PROJECTS MAGOYE,http://www.mazabukacouncil.gov.zm/wp-content/uploads/2024/09/CDF-2024-APPROVED-LIST-OF-COMMUNITY-PROJECTS-MAGOYE-1.pdf,https://www.mazabukacouncil.gov.zm/?page_id=959,1,640.8,True
CDF-2024-APPROVED-LIST-OF-COMMUNITY-PROJECTS-MAZ-CENTRAL-1.pdf,cdf_project_list,2024,Mazabuka Central,CDF 2024 APPROVED LIST OF COMMUNITY PROJECTS MAZ CENTRAL,http://www.mazabukacouncil.gov.zm/wp-content/uploads/2024/09/CDF-2024-APPROVED-LIST-OF-COMMUNITY-PROJECTS-MAZ-CENTRAL-1.pdf,https://www.mazabukacouncil.gov.zm/?page_id=959,1,557.5,True
CDF-2024-SUCCESSFUL-APPLICANTS-FOR-GRANTS-MAGOYE-CONSTITUENCY.pdf,cdf_grant_loan_beneficiary_list,2024,Magoye,CDF 2024 SUCCESSFUL APPLICANTS FOR GRANTS MAGOYE CONSTITUENCY,http://www.mazabukacouncil.gov.zm/wp-content/uploads/2024/09/CDF-2024-SUCCESSFUL-APPLICANTS-FOR-GRANTS-MAGOYE-CONSTITUENCY.pdf,https://www.mazabukacouncil.gov.zm/?page_id=959,6,4079.0,True
CDF-2024-SUCCESSFUL-APPLICANTS-FOR-SECONDARYSCHOOL-BURSARIES-MAZABUKA-CENTRAL.pdf,cdf_bursary_beneficiary_list,2024,Mazabuka Central,CDF 2024 SUCCESSFUL APPLICANTS FOR SECONDARYSCHOOL BURSARIES-MAZABUKA CENTRAL,http://www.mazabukacouncil.gov.zm/wp-content/uploads/2024/09/CDF-2024-SUCCESSFUL-APPLICANTS-FOR-SECONDARYSCHOOL-BURSARIES-MAZABUKA-CENTRAL.pdf,https://www.mazabukacouncil.gov.zm/?page_id=959,25,21980.4,False
CDF-2024-SUCCESSFUL-APPLICANTS-FOR-SKLLS-DEVELOPMENT-BURSARIES-MAGOYE-CONSTITUENCY-1.pdf,cdf_bursary_beneficiary_list,2024,Magoye,CDF 2024 SUCCESSFUL APPLICANTS FOR SKLLS DEVELOPMENT BURSARIES-MAGOYE CONSTITUENCY (1),http://www.mazabukacouncil.gov.zm/wp-content/uploads/2024/09/CDF-2024-SUCCESSFUL-APPLICANTS-FOR-SKLLS-DEVELOPMENT-BURSARIES-MAGOYE-CONSTITUENCY-1.pdf,https://www.mazabukacouncil.gov.zm/?page_id=959,7,5142.2,True
CDF-2024-SUCCESSFUL-APPLICANTS-FOR-YOUTH-WOMEN-AND-COMMUNITY-EMPOWERMENT-GRANTS-MAZABUKA-CENTRAL.pdf,cdf_grant_loan_beneficiary_list,2024,Mazabuka Central,"CDF 2024 SUCCESSFUL APPLICANTS FOR YOUTH, WOMEN AND COMMUNITY EMPOWERMENT GRANTS-MAZABUKA CENTRAL",http://www.mazabukacouncil.gov.zm/wp-content/uploads/2024/09/CDF-2024-SUCCESSFUL-APPLICANTS-FOR-YOUTH-WOMEN-AND-COMMUNITY-EMPOWERMENT-GRANTS-MAZABUKA-CENTRAL.pdf,https://www.mazabukacouncil.gov.zm/?page_id=959,5,3733.8,True
CDF-2024-SUCCESSFUL-APPLICANTS-FOR-YOUTH-WOMEN-COMMUNITY-EMPOWERMENT-LOANS-MAZABUKA-CENTRAL-CONSTITUENCY.pdf,cdf_grant_loan_beneficiary_list,2024,Mazabuka Central,"CDF 2024 SUCCESSFUL APPLICANTS FOR YOUTH, WOMEN & COMMUNITY EMPOWERMENT LOANS-MAZABUKA CENTRAL CONSTITUENCY",http://www.mazabukacouncil.gov.zm/wp-content/uploads/2024/09/CDF-2024-SUCCESSFUL-APPLICANTS-FOR-YOUTH-WOMEN-COMMUNITY-EMPOWERMENT-LOANS-MAZABUKA-CENTRAL-CONSTITUENCY.pdf,https://www.mazabukacouncil.gov.zm/?page_id=959,2,745.3,True
CDF-2024-SUCCESSFUL-SECONDARY-SCHOOL-BURSARY-APPLICANTS-MAGOYE-CONSTITUENCY.pdf,cdf_bursary_beneficiary_list,2024,Magoye,CDF 2024 SUCCESSFUL SECONDARY SCHOOL BURSARY APPLICANTS-MAGOYE CONSTITUENCY,http://www.mazabukacouncil.gov.zm/wp-content/uploads/2024/09/CDF-2024-SUCCESSFUL-SECONDARY-SCHOOL-BURSARY-APPLICANTS-MAGOYE-CONSTITUENCY.pdf,https://www.mazabukacouncil.gov.zm/?page_id=959,12,10371.4,True
CDF-2024-SUCCESSFUL-YOUTH-WOMEN-COMMUNITY-EMPOWERMENT-LOAN-APPLICANTS-MAGOYE-CONSTITUENCY.pdf,cdf_grant_loan_beneficiary_list,2024,Magoye,"CDF 2024 SUCCESSFUL YOUTH, WOMEN & COMMUNITY EMPOWERMENT LOAN APPLICANTS- MAGOYE CONSTITUENCY",http://www.mazabukacouncil.gov.zm/wp-content/uploads/2024/09/CDF-2024-SUCCESSFUL-YOUTH-WOMEN-COMMUNITY-EMPOWERMENT-LOAN-APPLICANTS-MAGOYE-CONSTITUENCY.pdf,https://www.mazabukacouncil.gov.zm/?page_id=959,2,1097.4,True
CDF-2024-SUCCESSFULAPPLICANTSFORSKILLSDEVELOPMENT-BURSARIES-MAZABUKA-CENTRAL.pdf,cdf_bursary_beneficiary_list,2024,Mazabuka Central,CDF 2024 SUCCESSFUL APPLICANTS FOR SKILLS DEVELOPMENT BURSARIES-MAZABUKA CENTRAL,http://www.mazabukacouncil.gov.zm/wp-content/uploads/2024/09/CDF-2024-SUCCESSFULAPPLICANTSFORSKILLSDEVELOPMENT-BURSARIES-MAZABUKA-CENTRAL.pdf,https://www.mazabukacouncil.gov.zm/?page_id=959,7,2946.4,False
CDF-2025-APPROVED-COMMUNITY-PROJECT-MAZABUKA-CENTRAL.pdf,cdf_project_list,2025,Mazabuka Central,APPROVED 2025 COMMUNITY PROJECTS MAZABUKA CENTRAL.pdf,http://www.mazabukacouncil.gov.zm/wp-content/uploads/2025/11/CDF-2025-APPROVED-COMMUNITY-PROJECT-MAZABUKA-CENTRAL.pdf,https://www.mazabukacouncil.gov.zm/?page_id=959,2,512.8,False
CDF-2025-UNAPPROVED-COMMUNITY-PROJECT-MAZ-CENTRAL.pdf,cdf_project_list,2025,Mazabuka Central,CENTRAL.pdf,http://www.mazabukacouncil.gov.zm/wp-content/uploads/2025/06/CDF-2025-UNAPPROVED-COMMUNITY-PROJECT-MAZ-CENTRAL.pdf,https://www.mazabukacouncil.gov.zm/?page_id=959,2,117.8,True
CDF-2025-UNAPPROVED-COMMUNITY-PROJECTS-MAGOYE.pdf,cdf_project_list,2025,Magoye,UNAPPROVED 2025 COMMUNITY PROJECT MAGOYE.pdf,http://www.mazabukacouncil.gov.zm/wp-content/uploads/2025/11/CDF-2025-UNAPPROVED-COMMUNITY-PROJECTS-MAGOYE.pdf,https://www.mazabukacouncil.gov.zm/?page_id=959,5,1546.6,False
CDF-2025-UNAPPROVED-PROJECTS-MAZABUKA-CENTRAL-CONSTITUENCY.pdf,cdf_project_list,2025,Mazabuka Central,UNAPPROVED 2025 COMMUNITY PROJECT MAZABUKA,http://www.mazabukacouncil.gov.zm/wp-content/uploads/2025/11/CDF-2025-UNAPPROVED-PROJECTS-MAZABUKA-CENTRAL-CONSTITUENCY.pdf,https://www.mazabukacouncil.gov.zm/?page_id=959,3,848.6,False
CDF-2026-SUCCESSFUL-APPLICANTS-FOR-YOUTH-WOMEN-AND-COMMUNITY-GRANTS-MAZABUKA-CENTRAL.pdf,cdf_grant_loan_beneficiary_list,2026,Mazabuka Central,"CDF 2026 SUCCESSFUL APPLICANTS FOR YOUTH, WOMEN AND COMMUNITY GRANTS MAZABUKA CENTRAL.pdf",http://www.mazabukacouncil.gov.zm/wp-content/uploads/2026/09/CDF-2026-SUCCESSFUL-APPLICANTS-FOR-YOUTH-WOMEN-AND-COMMUNITY-GRANTS-MAZABUKA-CENTRAL.pdf,https://www.mazabukacouncil.gov.zm/?page_id=959,7,134.6,True
CDF-2026-UNAPPROVED-LIST-OF-COMMUNITY-PROJECTS-MAZABUKA-CENTRAL-CONSTITUENCY.pdf,cdf_project_list,2026,Mazabuka Central,CDF 2026 UNAPPROVED LIST OF COMMUNITY PROJECTS- MAZABUKA CENTRAL CONSTITUENCY.pdf,http://www.mazabukacouncil.gov.zm/wp-content/uploads/2026/09/CDF-2026-UNAPPROVED-LIST-OF-COMMUNITY-PROJECTS-MAZABUKA-CENTRAL-CONSTITUENCY.pdf,https://www.mazabukacouncil.gov.zm/?page_id=959,2,98.8,True
CDF-GUIDELINES-2-3.pdf,cdf_policy_guideline,,,CDF-GUIDELINES-2 (3),http://www.mazabukacouncil.gov.zm/wp-content/uploads/2024/12/CDF-GUIDELINES-2-3.pdf,https://www.mazabukacouncil.gov.zm/?page_id=959,95,18007.2,True
CDF-Skills-Development-Bursary-Application-Form-pdf.pdf,cdf_bursary_beneficiary_list,,,CDF Skills Development Bursary Application Forms,http://www.mazabukacouncil.gov.zm/wp-content/uploads/2023/11/CDF-Skills-Development-Bursary-Application-Form-pdf.pdf,https://www.mazabukacouncil.gov.zm/?page_id=1435,5,188.7,True
CDF-Updates-Magoye.pdf,cdf_project_status_update,,Magoye,CDF UPDATES MAGOYE,http://www.mazabukacouncil.gov.zm/wp-content/uploads/2024/09/CDF-Updates-Magoye.pdf,https://www.mazabukacouncil.gov.zm/?page_id=959,1,2744.2,True
CDF-Updates-Mazabuka-Central.pdf,cdf_project_status_update,,Mazabuka Central,CDF UDATES MAZABUKA CENTRAL.pdf,http://www.mazabukacouncil.gov.zm/wp-content/uploads/2024/09/CDF-Updates-Mazabuka-Central.pdf,https://www.mazabukacouncil.gov.zm/?page_id=959,1,10693.0,False
COMMUNITY-ENGAGEMENT-MINUTES-MAGOYE-2024.pdf,community_engagement_minutes,2024,Magoye,COMMUNITY-ENGAGEMENT-MINUTES MAGOYE 2024,http://www.mazabukacouncil.gov.zm/wp-content/uploads/2025/06/COMMUNITY-ENGAGEMENT-MINUTES-MAGOYE-2024.pdf,https://www.mazabukacouncil.gov.zm/?page_id=959,5,3276.9,False
COMMUNITY-ENGAGEMENT-MINUTES-MAZABUKA-CENTRAL-2024.pdf,community_engagement_minutes,2024,Mazabuka Central,COMMUNITY-ENGAGEMENT-MINUTES MAZABUKA CENTRAL 2024,http://www.mazabukacouncil.gov.zm/wp-content/uploads/2025/06/COMMUNITY-ENGAGEMENT-MINUTES-MAZABUKA-CENTRAL-2024.pdf,https://www.mazabukacouncil.gov.zm/?page_id=959,3,1140.5,False
COUNCIL-MINUETS-JANUARY-MARCH-2025.pdf,council_minutes,2025,,COUNCIL MINUTES – JANUARY – MARCH 2025,http://www.mazabukacouncil.gov.zm/wp-content/uploads/2025/11/COUNCIL-MINUETS-JANUARY-MARCH-2025.pdf,https://www.mazabukacouncil.gov.zm/?page_id=959,217,7554.1,True
COUNCIL-MINUTES-APRIL-JUNE-2025.pdf,council_minutes,2025,,COUNCIL MINUTES – APRIL -JUNE 2025.pdf,http://www.mazabukacouncil.gov.zm/wp-content/uploads/2025/11/COUNCIL-MINUTES-APRIL-JUNE-2025.pdf,https://www.mazabukacouncil.gov.zm/?page_id=959,246,6976.8,True
Citizen_Engagement_Strategy-1.pdf,stakeholder_engagement_plan,,,Citizen_Engagement_Strategy,http://www.mazabukacouncil.gov.zm/wp-content/uploads/2025/11/Citizen_Engagement_Strategy-1.pdf,https://www.mazabukacouncil.gov.zm/?page_id=3059,6,279.4,True
Council-Minutes-April-to-June-2023.pdf,council_minutes,2023,,SECOND QUARTER APRIL – JUNE 2023.pdf,http://www.mazabukacouncil.gov.zm/wp-content/uploads/2026/07/Council-Minutes-April-to-June-2023.pdf,https://www.mazabukacouncil.gov.zm/?page_id=959,153,3684.1,True
Council-Minutes-April-to-June-2024.pdf,council_minutes,2024,,SECOND QUARTER APRIL – JUNE 2024.pdf,http://www.mazabukacouncil.gov.zm/wp-content/uploads/2026/07/Council-Minutes-April-to-June-2024.pdf,https://www.mazabukacouncil.gov.zm/?page_id=959,177,3114.2,True
Council-Minutes-January-to-March-2023.pdf,council_minutes,2023,,FIRST QUARTER – JANUARY – MARCH 2023.pdf,http://www.mazabukacouncil.gov.zm/wp-content/uploads/2026/07/Council-Minutes-January-to-March-2023.pdf,https://www.mazabukacouncil.gov.zm/?page_id=959,215,4283.4,True
Council-Minutes-January-to-March-2024.pdf,council_minutes,2024,,FIRST QUARTER – JANUARY – MARCH 2024.pdf,http://www.mazabukacouncil.gov.zm/wp-content/uploads/2026/07/Council-Minutes-January-to-March-2024.pdf,https://www.mazabukacouncil.gov.zm/?page_id=959,184,2809.2,True
Council-Minutes-July-to-September-2023.pdf,council_minutes,2023,,THIRD QUARTER JULY – SEPT 2023.pdf,http://www.mazabukacouncil.gov.zm/wp-content/uploads/2026/07/Council-Minutes-July-to-September-2023.pdf,https://www.mazabukacouncil.gov.zm/?page_id=959,163,3353.8,True
Council-Minutes-July-to-September-2024.pdf,council_minutes,2024,,THIRD QUARTER JULY – SEPT 2024.pdf,http://www.mazabukacouncil.gov.zm/wp-content/uploads/2026/07/Council-Minutes-July-to-September-2024.pdf,https://www.mazabukacouncil.gov.zm/?page_id=959,147,2364.2,True
Council-Minutes-July-to-September-2025.pdf,council_minutes,2025,,THIRD QUARTER – JULY TO SEPT 2025.pdf,http://www.mazabukacouncil.gov.zm/wp-content/uploads/2026/07/Council-Minutes-July-to-September-2025.pdf,https://www.mazabukacouncil.gov.zm/?page_id=959,176,2638.8,True
Council-Minutes-October-to-December-2023.pdf,council_minutes,2023,,FOURTH QUARTER OCTOBER TO DECEMBER 2023.pdf,http://www.mazabukacouncil.gov.zm/wp-content/uploads/2026/07/Council-Minutes-October-to-December-2023.pdf,https://www.mazabukacouncil.gov.zm/?page_id=959,215,4277.6,True
Council-Minutes-October-to-December-2025.pdf,council_minutes,2025,,FOURTH QUARTER – OCTOBER TO DECEMBER 2025.pdf,http://www.mazabukacouncil.gov.zm/wp-content/uploads/2026/07/Council-Minutes-October-to-December-2025.pdf,https://www.mazabukacouncil.gov.zm/?page_id=959,244,3497.4,True
Debt-Arrears-Monitoring-Mechanism-FINAL-COPY8-min.pdf,debt_arrears_monitoring,,,Debt-Arrears-Monitoring-Mechanism-FINAL-COPY8-min,http://www.mazabukacouncil.gov.zm/wp-content/uploads/2025/11/Debt-Arrears-Monitoring-Mechanism-FINAL-COPY8-min.pdf,https://www.mazabukacouncil.gov.zm/?page_id=3059,42,4193.1,True
Environmetal-Mangement-Act-12-of-2011.pdf,legal_act_reference,2011,,Environmetal Mangement Act 12 of 2011,http://www.mazabukacouncil.gov.zm/wp-content/uploads/2023/12/Environmetal-Mangement-Act-12-of-2011.pdf,https://www.mazabukacouncil.gov.zm/?page_id=959,92,429.2,True
Financial-statement-2020.pdf,financial_statement,2020,,2020 FINANCIAL STATEMENT,http://www.mazabukacouncil.gov.zm/wp-content/uploads/2025/12/Financial-statement-2020.pdf,https://www.mazabukacouncil.gov.zm/?page_id=959,36,51491.0,False
Financial-statement-2021.pdf,financial_statement,2021,,2021 FINANCIAL STATEMENT.pdf,http://www.mazabukacouncil.gov.zm/wp-content/uploads/2025/12/Financial-statement-2021.pdf,https://www.mazabukacouncil.gov.zm/?page_id=959,37,47442.5,False
LIST-OF-PROPOSED-PROJECTS-MAGOYE.pdf,cdf_project_list,,Magoye,PROPOSED 2025 LIST OF COMMUNITY PROJECTS MAGOYE.pdf,http://www.mazabukacouncil.gov.zm/wp-content/uploads/2025/11/LIST-OF-PROPOSED-PROJECTS-MAGOYE.pdf,https://www.mazabukacouncil.gov.zm/?page_id=959,6,117.1,True
Liqour-Licensing-Act-2011.pdf,legal_act_reference,2011,,"Liquor Licensing Act, 2011",http://www.mazabukacouncil.gov.zm/wp-content/uploads/2023/12/Liqour-Licensing-Act-2011.pdf,https://www.mazabukacouncil.gov.zm/?page_id=959,29,74.1,True
MAGOYE-BUDGET-CONSULTATIVE-MEETING..pdf,budget_consultative_meeting,,Magoye,2026,http://www.mazabukacouncil.gov.zm/wp-content/uploads/2025/11/MAGOYE-BUDGET-CONSULTATIVE-MEETING..pdf,https://www.mazabukacouncil.gov.zm/?page_id=959,10,4941.3,False
MAZ-ESTATES-2.pdf,investment_profile,,,Mazabuka Estates,http://www.mazabukacouncil.gov.zm/wp-content/uploads/2024/09/MAZ-ESTATES-2.pdf,https://www.mazabukacouncil.gov.zm/?page_id=1477,2,730.1,True
MAZABUKA-CENTRAL-BUDGET-CONSULTATIVE-MEETING..pdf,budget_consultative_meeting,,Mazabuka Central,2026 BUDGET COMMUNITY CONSULTATIVE MEETING,http://www.mazabukacouncil.gov.zm/wp-content/uploads/2025/11/MAZABUKA-CENTRAL-BUDGET-CONSULTATIVE-MEETING..pdf,https://www.mazabukacouncil.gov.zm/?page_id=959,10,4777.1,False
MAZABUKA-DISTRICT-INVESTMENT-PROFILE.pdf,investment_profile,,,Mazabuka District Investment Profile,http://www.mazabukacouncil.gov.zm/wp-content/uploads/2024/09/MAZABUKA-DISTRICT-INVESTMENT-PROFILE.pdf,https://www.mazabukacouncil.gov.zm/?page_id=1477,15,2729.1,True
MAZABUKA-MUNICIPAL-COUNCIL-2026-BUDGET.pdf,approved_annual_budget,2026,,MAZABUKA MUNICIPAL COUNCIL 2026 BUDGET.pdf,http://www.mazabukacouncil.gov.zm/wp-content/uploads/2026/08/MAZABUKA-MUNICIPAL-COUNCIL-2026-BUDGET.pdf,https://www.mazabukacouncil.gov.zm/?page_id=959,52,1388.9,True
MAZABUKA-TRIBUNAL-SITTING-ADVERT.pdf,public_notice,,,MAZABUKA TRIBUNAL SITTING ADVERT,http://www.mazabukacouncil.gov.zm/wp-content/uploads/2024/12/MAZABUKA-TRIBUNAL-SITTING-ADVERT.pdf,https://www.mazabukacouncil.gov.zm/?page_id=959,1,97.8,True
MMC-NEWSLETTER.pdf,newsletter,,,MMC -NEWSLETTER,http://www.mazabukacouncil.gov.zm/wp-content/uploads/2023/12/MMC-NEWSLETTER.pdf,https://www.mazabukacouncil.gov.zm/?page_id=959,19,24410.3,True
Mazabuka-District-Intergrated-Development-Plan.pdf,integrated_development_plan,,,MAZABUKA DISTRICT INTERGRATED DEVELOPMENT PLAN,http://www.mazabukacouncil.gov.zm/wp-content/uploads/2025/12/Mazabuka-District-Intergrated-Development-Plan.pdf,https://www.mazabukacouncil.gov.zm/?page_id=959,184,5867.4,True
Mazabuka-Draft-FS-2018-Reviewed-by-OAG-03.03.2021.doc,other,2018,,2018 FINANCIAL STATEMENT,http://www.mazabukacouncil.gov.zm/wp-content/uploads/2024/02/Mazabuka-Draft-FS-2018-Reviewed-by-OAG-03.03.2021.doc,https://www.mazabukacouncil.gov.zm/?page_id=959,,,
Mazabuka-Draft-FS-2019-Reviewed-by-OAG-03.03.2021-1.doc,other,2019,,2019 FINANCIAL STATEMENT,http://www.mazabukacouncil.gov.zm/wp-content/uploads/2024/02/Mazabuka-Draft-FS-2019-Reviewed-by-OAG-03.03.2021-1.doc,https://www.mazabukacouncil.gov.zm/?page_id=959,,,
Mazabuka-Municipal-Council-2024-Budget.pdf,approved_annual_budget,2024,,MAZABUKA MUNICIPAL COUNCIL 2024 BUDGET.pdf,http://www.mazabukacouncil.gov.zm/wp-content/uploads/2024/08/Mazabuka-Municipal-Council-2024-Budget.pdf,https://www.mazabukacouncil.gov.zm/?page_id=959,42,728.5,True
Mazabuka-Municipal-Council-2025-Budget.pdf,approved_annual_budget,2025,,MAZABUKA MUNICIPAL COUNCIL 2025 BUDGET.pdf,http://www.mazabukacouncil.gov.zm/wp-content/uploads/2025/01/Mazabuka-Municipal-Council-2025-Budget.pdf,https://www.mazabukacouncil.gov.zm/?page_id=959,62,798.2,True
Minutes-of-Council-April-to-June-2025.pdf,council_minutes,2025,,SECOND QUARTER  – APRIL -JUNE 2025.pdf,http://www.mazabukacouncil.gov.zm/wp-content/uploads/2026/07/Minutes-of-Council-April-to-June-2025.pdf,https://www.mazabukacouncil.gov.zm/?page_id=959,222,4063.8,True
Minutes-of-Council-January-to-March-2025.pdf,council_minutes,2025,,FIRST QUARTER – JANUARY – MARCH 2025,http://www.mazabukacouncil.gov.zm/wp-content/uploads/2026/07/Minutes-of-Council-January-to-March-2025.pdf,https://www.mazabukacouncil.gov.zm/?page_id=959,190,3897.6,True
Minutes-of-Council-January-to-March-2026.pdf,council_minutes,2026,,FIRST QUARTER – JANUARY TO MARCH.pdf,http://www.mazabukacouncil.gov.zm/wp-content/uploads/2026/07/Minutes-of-Council-January-to-March-2026.pdf,https://www.mazabukacouncil.gov.zm/?page_id=959,191,2845.4,True
NEWS-LETTER-1.pdf,newsletter,,,CDF – NEWSLETTER 2024.pdf,http://www.mazabukacouncil.gov.zm/wp-content/uploads/2025/06/NEWS-LETTER-1.pdf,https://www.mazabukacouncil.gov.zm/?page_id=959,24,3264.5,True
National-Decentralisation-Policy-2023.pdf,national_policy_reference,2023,,National-Decentralisation-Policy-2023,http://www.mazabukacouncil.gov.zm/wp-content/uploads/2025/11/National-Decentralisation-Policy-2023.pdf,https://www.mazabukacouncil.gov.zm/?page_id=3059,40,17573.2,True
New-Rating-Act-2018.pdf,legal_act_reference,2018,,New Rating Act 2018,http://www.mazabukacouncil.gov.zm/wp-content/uploads/2023/12/New-Rating-Act-2018.pdf,https://www.mazabukacouncil.gov.zm/?page_id=959,26,204.0,True
Notice-Cash-for-Work-Meetings-1.pdf,public_notice,,,Notice-Cash for Work Meetings,http://www.mazabukacouncil.gov.zm/wp-content/uploads/2024/09/Notice-Cash-for-Work-Meetings-1.pdf,https://www.mazabukacouncil.gov.zm/?page_id=959,1,98.1,True
Notice-Cash-for-Work-Meetings.pdf,public_notice,,,Notice-Cash for Work Meetings,http://www.mazabukacouncil.gov.zm/wp-content/uploads/2024/09/Notice-Cash-for-Work-Meetings.pdf,https://www.mazabukacouncil.gov.zm/?page_id=959,1,98.1,True
PROPOSED-PROJECTS-MAZ-CENTRAL..pdf,cdf_project_list,,Mazabuka Central,PROPOSED 2025 LIST OF COMMUNITY PROJECTS MAZ CENTRAL.pdf,http://www.mazabukacouncil.gov.zm/wp-content/uploads/2025/11/PROPOSED-PROJECTS-MAZ-CENTRAL..pdf,https://www.mazabukacouncil.gov.zm/?page_id=959,4,86.5,True
PUBLIC-NOTICE-WARD-DEVELOPMENT-COMMITTEE-ELECTIONS.pdf,ward_development_committee_notice,,,PUBLIC-NOTICE-WARD-DEVELOPMENT-COMMITTEE-ELECTIONS.pdf,http://www.mazabukacouncil.gov.zm/wp-content/uploads/2024/03/PUBLIC-NOTICE-WARD-DEVELOPMENT-COMMITTEE-ELECTIONS.pdf,https://www.mazabukacouncil.gov.zm/?page_id=959,2,518.5,False
SECOND-BATCH-OF-SUCCESSFUL-NAMES-OF-SECONDARY-SCHOOL-LEARNERS-UNDER-SPONSORSHIP-FOR-2026-CDF-MAZ-CENTRAL.pdf,cdf_bursary_beneficiary_list,2026,Mazabuka Central,SUCCESSFUL NAMES OF SECONDARY SCHOOL LEARNERS UNDER SPONSORSHIP FOR 2026 CDF MAGOYE CONSTITUENCY.pdf,http://www.mazabukacouncil.gov.zm/wp-content/uploads/2026/09/SECOND-BATCH-OF-SUCCESSFUL-NAMES-OF-SECONDARY-SCHOOL-LEARNERS-UNDER-SPONSORSHIP-FOR-2026-CDF-MAZ-CENTRAL.pdf,https://www.mazabukacouncil.gov.zm/?page_id=959,52,247.7,True
SECONDARY-BOARDING-SCHOOL-BURSARY-APPLICATION-FORM-1.pdf,cdf_bursary_beneficiary_list,,,CDF Secondary School Bursary,http://www.mazabukacouncil.gov.zm/wp-content/uploads/2023/11/SECONDARY-BOARDING-SCHOOL-BURSARY-APPLICATION-FORM-1.pdf,https://www.mazabukacouncil.gov.zm/?page_id=1435,10,242.2,True
SIGNED-MINUTES-FOR-MAZABUKA-CENTRAL-2024.pdf,community_engagement_minutes,2024,Mazabuka Central,SIGNED MINUTES FOR MAZABUKA CENTRAL 2024.,http://www.mazabukacouncil.gov.zm/wp-content/uploads/2025/06/SIGNED-MINUTES-FOR-MAZABUKA-CENTRAL-2024.pdf,https://www.mazabukacouncil.gov.zm/?page_id=959,12,6429.3,True
STAKEHOLDER-ENGAGEMENT-PLAN-MAZABUKA-MUNICIPAL-COUNCIL-1.pdf,stakeholder_engagement_plan,,,APPROVED STAKEHOLDER ENGAGEMENT PLAN 2025,http://www.mazabukacouncil.gov.zm/wp-content/uploads/2025/12/STAKEHOLDER-ENGAGEMENT-PLAN-MAZABUKA-MUNICIPAL-COUNCIL-1.pdf,https://www.mazabukacouncil.gov.zm/?page_id=959,19,382.0,True
SUCCESSFUL-APPLICANT-FOR-CDF-2026-EMPOWERMENT-LOANS-UNDER-REVOLVING-FUD-FOR-MAGOYE-CONSTITUENCY.pdf,cdf_grant_loan_beneficiary_list,2026,Magoye,"CDF 2025 ADDITIONAL SUCCESSFUL APPLICANTS FOR YOUTH,WOMEN & COMMUNITY GRANTS FOR MAZABUKA CENTRAL CONSTITUENCY.pdf",http://www.mazabukacouncil.gov.zm/wp-content/uploads/2026/09/SUCCESSFUL-APPLICANT-FOR-CDF-2026-EMPOWERMENT-LOANS-UNDER-REVOLVING-FUD-FOR-MAGOYE-CONSTITUENCY.pdf,https://www.mazabukacouncil.gov.zm/?page_id=959,1,108.4,True
SUCCESSFUL-APPLICANTS-FOR-THE-CDF-2026-CDF-EMPOWERMENT-LOANS-–-REVOLVING-ACCOUNT-–-MAZABUKA-CENTRAL-CONSTITUENCY.pdf,cdf_grant_loan_beneficiary_list,2026,Mazabuka Central,SUCCESSFUL APPLICANTS FOR THE CDF 2026 CDF EMPOWERMENT LOANS – REVOLVING ACCOUNT – MAZABUKA CENTRAL CONSTITUENCY.pdf,http://www.mazabukacouncil.gov.zm/wp-content/uploads/2026/09/SUCCESSFUL-APPLICANTS-FOR-THE-CDF-2026-CDF-EMPOWERMENT-LOANS-–-REVOLVING-ACCOUNT-–-MAZABUKA-CENTRAL-CONSTITUENCY.pdf,https://www.mazabukacouncil.gov.zm/?page_id=959,2,115.5,True
SUCCESSFUL-NAMES-OF-SECONDARY-SCHOOL-LEARNERS-UDER-SPONSORSHIP-FOR-CDF-2026-BURSARIES-MAZ-CENTRAL.pdf,cdf_bursary_beneficiary_list,2026,Mazabuka Central,SUCCESSFUL NAMES OF SECONDARY SCHOOL LEARNERS UDER SPONSORSHIP FOR CDF 2026 BURSARIES MAZ CENTRAL.pdf,http://www.mazabukacouncil.gov.zm/wp-content/uploads/2026/09/SUCCESSFUL-NAMES-OF-SECONDARY-SCHOOL-LEARNERS-UDER-SPONSORSHIP-FOR-CDF-2026-BURSARIES-MAZ-CENTRAL.pdf,https://www.mazabukacouncil.gov.zm/?page_id=959,4,129.4,True
SUCCESSFUL-NAMES-OF-SKILLS-DEVELOPMENT-STUDENTS-UNDER-SPONSORSHIP-FOR-2026-CDF-MAZABUKA-CENTRAL-CONSTITUENCY.pdf,cdf_bursary_beneficiary_list,2026,Mazabuka Central,SUCCESSFUL NAMES OF SKILLS DEVELOPMENT STUDENTS UNDER SPONSORSHIP FOR 2026 CDF MAZABUKA CENTRAL CONSTITUENCY.pdf,http://www.mazabukacouncil.gov.zm/wp-content/uploads/2026/09/SUCCESSFUL-NAMES-OF-SKILLS-DEVELOPMENT-STUDENTS-UNDER-SPONSORSHIP-FOR-2026-CDF-MAZABUKA-CENTRAL-CONSTITUENCY.pdf,https://www.mazabukacouncil.gov.zm/?page_id=959,12,161.8,True
The-Food-Safety-Act-No.-7-2019.pdf,legal_act_reference,2019,,"The Food Safety Act No. 7, 2019",http://www.mazabukacouncil.gov.zm/wp-content/uploads/2023/12/The-Food-Safety-Act-No.-7-2019.pdf,https://www.mazabukacouncil.gov.zm/?page_id=959,48,176.1,True
The-Local-Government-Act-No.-2-of-2019.pdf,legal_act_reference,2019,,The Local Government Act No. 2 of 2019,http://www.mazabukacouncil.gov.zm/wp-content/uploads/2023/12/The-Local-Government-Act-No.-2-of-2019.pdf,https://www.mazabukacouncil.gov.zm/?page_id=959,56,208.5,True
The-Occupational-Health-and-Safety-Act-2010.pdf,legal_act_reference,2010,,The Occupational Health and Safety Act – 2010,http://www.mazabukacouncil.gov.zm/wp-content/uploads/2023/12/The-Occupational-Health-and-Safety-Act-2010.pdf,https://www.mazabukacouncil.gov.zm/?page_id=959,73,100.0,True
The-Public-Finance-Management-ACT-2018.pdf,legal_act_reference,2018,,The Public Finance Management ACT 2018,http://www.mazabukacouncil.gov.zm/wp-content/uploads/2023/12/The-Public-Finance-Management-ACT-2018.pdf,https://www.mazabukacouncil.gov.zm/?page_id=959,60,243.4,True
The-Solid-Waste-Regulation-and-Management-Act-2018.pdf,legal_act_reference,2018,,"The Solid Waste Regulation and Management Act, 2018",http://www.mazabukacouncil.gov.zm/wp-content/uploads/2023/12/The-Solid-Waste-Regulation-and-Management-Act-2018.pdf,https://www.mazabukacouncil.gov.zm/?page_id=959,52,313.1,True
The-Urban-and-Regional-Planning-Act-2015.pdf,legal_act_reference,2015,,"The Urban and Regional Planning Act, 2015",http://www.mazabukacouncil.gov.zm/wp-content/uploads/2023/12/The-Urban-and-Regional-Planning-Act-2015.pdf,https://www.mazabukacouncil.gov.zm/?page_id=959,58,120.6,True
The-Zambia-National-Public-Health-Institute-Act-No.-19-of-2020pdf.pdf,legal_act_reference,2020,,The Zambia National Public Health Institute Act No. 19 of 2020pdf,http://www.mazabukacouncil.gov.zm/wp-content/uploads/2023/12/The-Zambia-National-Public-Health-Institute-Act-No.-19-of-2020pdf.pdf,https://www.mazabukacouncil.gov.zm/?page_id=959,22,80.3,True
UNMODIFIED-2024-AUDITS-REPORT-–-MAZABUKA-COUNCIL-1.pdf,audit_report,2024,,2024 UNMODIFIED AUDIT’S REPORT – MAZABUKA COUNCIL.pdf,http://www.mazabukacouncil.gov.zm/wp-content/uploads/2025/11/UNMODIFIED-2024-AUDITS-REPORT-–-MAZABUKA-COUNCIL-1.pdf,https://www.mazabukacouncil.gov.zm/?page_id=959,5,1957.6,True
grant.pdf,cdf_application_form_template,,,CDF Grant Application form,http://www.mazabukacouncil.gov.zm/wp-content/uploads/2023/11/grant.pdf,https://www.mazabukacouncil.gov.zm/?page_id=1435,6,535.5,False
loan-agreement.pdf,cdf_application_form_template,,,CDF Loan Agreement form,http://www.mazabukacouncil.gov.zm/wp-content/uploads/2023/11/loan-agreement.pdf,https://www.mazabukacouncil.gov.zm/?page_id=1435,3,1620.7,False
loan-application.pdf,cdf_application_form_template,,,CDF Loan Application form,http://www.mazabukacouncil.gov.zm/wp-content/uploads/2023/11/loan-application.pdf,https://www.mazabukacouncil.gov.zm/?page_id=1435,13,1000.5,False
main-valuation-roll-2024-notice.pdf,valuation_roll_notice,2024,,Main Valuation Roll 2024 Public Notice,http://www.mazabukacouncil.gov.zm/wp-content/uploads/2024/05/main-valuation-roll-2024-notice.pdf,https://www.mazabukacouncil.gov.zm/?page_id=959,1,773.0,False
