source_file|year|constituency|category|sn|record_text|page|extraction_method
CDF-2024-APPROVED-LIST-OF-COMMUNITY-PROJECTS-MAGOYE-1.pdf|2024|Magoye|approved|1|1 Of ZaMBIA CDF 2024 APPROVED LIST OF COMMUNITY PROJECTS -MAGOYE CONSTITUENCY SIN WARD NAME OF PROJECT Kalama Construction of staff house at Mabanga primary School|0|ocr
CDF-2024-APPROVED-LIST-OF-COMMUNITY-PROJECTS-MAGOYE-1.pdf|2024|Magoye|approved|2|Chivuna Drilling of 15 boreholes in Chivuna|0|ocr
CDF-2024-APPROVED-LIST-OF-COMMUNITY-PROJECTS-MAGOYE-1.pdf|2024|Magoye|approved|3|Mbaya Construction of a Clinic in Nachityombwe Construction of a 1x3 Classroom Block at Magoye|0|ocr
CDF-2024-APPROVED-LIST-OF-COMMUNITY-PROJECTS-MAGOYE-1.pdf|2024|Magoye|approved|4|Ngwezi Primary School_ Construction of a staff for a Agriculture Extension|0|ocr
CDF-2024-APPROVED-LIST-OF-COMMUNITY-PROJECTS-MAGOYE-1.pdf|2024|Magoye|approved|5|Itebe officer at Itebe basic school Munega_ Drilling of 6 boreholes in Munenga 6 Nachipooma Construction of a Police Post in Kaleya_|0|ocr
CDF-2024-APPROVED-LIST-OF-COMMUNITY-PROJECTS-MAGOYE-1.pdf|2024|Magoye|approved|8|Mwanachingwala Construction of a staff house at Nziba clinic|0|ocr
CDF-2024-APPROVED-LIST-OF-COMMUNITY-PROJECTS-MAGOYE-1.pdf|2024|Magoye|approved|9|Munjile Construction of Spray less in Kataba Community|0|ocr
CDF-2024-APPROVED-LIST-OF-COMMUNITY-PROJECTS-MAGOYE-1.pdf|2024|Magoye|approved|10|Nkonkola Drilling of 6 boreholes in Nkonkola|0|ocr
CDF-2024-APPROVED-LIST-OF-COMMUNITY-PROJECTS-MAGOYE-1.pdf|2024|Magoye|approved|11|Musuma Drilling of 6 boreholes in Musuma|0|ocr
CDF-2024-APPROVED-LIST-OF-COMMUNITY-PROJECTS-MAGOYE-1.pdf|2024|Magoye|approved|12|All Wards Procurement of an Ambulance|0|ocr
CDF-2024-APPROVED-LIST-OF-COMMUNITY-PROJECTS-MAGOYE-1.pdf|2024|Magoye|approved|13|AIl Wards Procurement of a motor bike for Chief retainer|0|ocr
CDF-2024-APPROVED-LIST-OF-COMMUNITY-PROJECTS-MAGOYE-1.pdf|2024|Magoye|approved|14|All Wards Construction of the chiefs Palace|0|ocr
CDF-2024-APPROVED-LIST-OF-COMMUNITY-PROJECTS-MAGOYE-1.pdf|2024|Magoye|approved|15|All Wards Drought mitigation|0|ocr
CDF-2024-APPROVED-LIST-OF-COMMUNITY-PROJECTS-MAGOYE-1.pdf|2024|Magoye|approved|16|AIl Wards Procurement of desks|0|ocr
CDF-2024-APPROVED-LIST-OF-COMMUNITY-PROJECTS-MAGOYE-1.pdf|2024|Magoye|approved|17|Ngwezi Rehabilitation of Magoye Township Roads VaE Nut MAZA URA COUNC jun 2024 CLERK TOWN OF THE 670022, OFFICE BoX P.O. MAZABUKA|0|ocr
CDF-2024-APPROVED-LIST-OF-COMMUNITY-PROJECTS-MAZ-CENTRAL-1.pdf|2024|Mazabuka Central|approved|1|Sugas 01 ZAmBiA CDF 2024 APPROVED LIST QF COMMUNITY PROJECTS MAZABUKA CENTRAL CONSTITUENCY PROJECT Ward Kaonga Rehabilitation of Namulonga primary school Chizobo Construction of staff_house at Sikalonga clinic_ Lubombo Completion of Laboratory at Lubombo school Drilling of Ten (1O)_boreholes in Nega-Nega Nega-Nega_ Bennie Mwiinga Connection of water to SWACCO Completion of Laboratory at Ndeke secondary school Mazabuka Central Mugoto Construction of staff houses at Mugoto_primary school All Wards procurement of 1,000 Desks for Mazabuka central constituency AIl Wards Motor bike for the chief Retainers AII Wards Procurement of the Ambulance AII Wards Chiefs Palace ADA|0|ocr
CDF-2024-APPROVED-LIST-OF-COMMUNITY-PROJECTS-MAZ-CENTRAL-1.pdf|2024|Mazabuka Central|approved|3|MUNICIPAC All Wards Drought Response 'BLic|0|ocr
CDF-2024-APPROVED-LIST-OF-COMMUNITY-PROJECTS-MAZ-CENTRAL-1.pdf|2024|Mazabuka Central|approved|77|MAZABL coda|0|ocr
CDF-2024-APPROVED-LIST-OF-COMMUNITY-PROJECTS-MAZ-CENTRAL-1.pdf|2024|Mazabuka Central|approved|202|4 APk CLERK TCWN THE 670022, OF BOX OFFICE Ro MAZABUKA|0|ocr
CDF-Updates-Mazabuka-Central.pdf|2024|Mazabuka Central|status_update|2|Procurement of a Backhoe loader (Bell Tlb 315SL 4x4) AIl Project is 100% Complete Procurement of Tipper Truck (1) (Sino Horsepower 336Hp, Engine zz3257|0|ocr
CDF-Updates-Mazabuka-Central.pdf|2024|Mazabuka Central|status_update|3|AIl Project is 100% Complete|0|ocr
CDF-Updates-Mazabuka-Central.pdf|2024|Mazabuka Central|status_update|20|tones, Model 6x4) Procurement of a Roller Compactor (Cat C512GC , 12tonnes) All Project is 100% Complete 2U2L Procurement of Water Bowser (380Hp, Drive Model-6x4, water tank- 5 AII Project is 100% Complete 20,00Olitres, Engine-zz3257) Procurement of an Excavator (Kobelco,SK22OXD, operating weight 6 All Project is 100% Complete|0|ocr
CDF-Updates-Mazabuka-Central.pdf|2024|Mazabuka Central|status_update|21|,800Kg) Procurement of a Low Bed Truck Drive model-6x4, Horse power 351- AII Project is 100% Complete|0|ocr
CDF-Updates-Mazabuka-Central.pdf|2024|Mazabuka Central|status_update|450|Hp; Load capacity 21-30tonnes) SIN PROJECT WARDS STATUS Completion of 1x3 CRB at Kaonga Secondary School Kaonga Project is 100% Complete 2 Completion of Plan 2000 Market Bennie Mwinga Project is 100% Complete 3 Completion Ix3 CRB at Ngoma Primary School Siyowi Project is 100% Complete 4 Procurement of 332 Desks for Hillside school Bennie Mwinga Project is 100% Complete 5 Construction of a Ix3 CRB at NKabika Community School Nakambala Project is 95% Complete 6 Construction of maternity Annex at Kangila Clinic Chizobo Project is 55% Complete 2028 Construction of a Health Center at Nanga Nenga-Nenga Project is 25% Complete 8 Construction of Clinic at Kabobola Mazabuka Central Project is 15% Complete Construction of dormitories,staff house and water at Chizika Primary 9 Siyowi Project is 10% Complete School Construction of 1x3 Science Laboratory at Ndeke Secondary School Phase Under procurement process (Waiting for consol- 10 Mazabuka Central idation of Phase and Phase 2) SN PROJECT WARDS STATUS Under Procurement process (Advertised; clos- Rehabilitation of Namulonga Primary School Kaonga Ward ing on 26th July, 2024) 2 Construction of staff house at Sikalonga Clinic Chizobo Ward Contract Awarded Under Procurement process (Waiting for vetting 3 Completion of Laboratory at Lubombo School Lubombo Ward of contracts by AG) Under Procurement process (Under negotia- 4 Drilling and Equiping of 10 boreholes in Nega-Nega Ward Nega-Nega Ward 2024 fomded over to Contractor 5 Water Connection to 3000 households to SWSCO Bennie Mwiinga Ward Under procurement process (Waiting for consol- 6 Completion of Laboratory at Ndeke Secondary School Mazabuka Central idation of Phase and Phase 2) Construction of staff house at Mugc joto Primary School Mugoto Ward Contract Awarded Under Procurement process (Advertised; clos- 8 Procurement of Desks for Mazabuka Central Constituency All ing on 15th August; 2024)|0|ocr
APPROVED-COMMUNITY-PROJECTS-2025-MAGOYE1.pdf|2025|Magoye|approved|1|PROCUREMENT OF DESKS ALL EDUCATION|0|native
APPROVED-COMMUNITY-PROJECTS-2025-MAGOYE1.pdf|2025|Magoye|approved|2|FUEL FOR FEEDER ROADS ALL ROADS CONSTRUCT OF 1X3 CLASSROOM BLOCK AT NGWEZI PRIMARY SCHOOL|0|native
APPROVED-COMMUNITY-PROJECTS-2025-MAGOYE1.pdf|2025|Magoye|approved|3|WITH WATER RETICULATION SYSTEM CHIVUNA EDUCATION CONSTRUCTION OF 1X3 CLASSROOM BLOCK ,1 STAFF HOUSE AND ABLUTION BLOCK WITH WATER RETICULATION AT SHEMBWE COMMUNITY|0|native
APPROVED-COMMUNITY-PROJECTS-2025-MAGOYE1.pdf|2025|Magoye|approved|4|SCHOOL ITEBE EDUCATION|0|native
APPROVED-COMMUNITY-PROJECTS-2025-MAGOYE1.pdf|2025|Magoye|approved|5|CONSTRUCTION OF A 1X2 CRB AT MANYANA PRIMARY SCHOOL. KALAMA EDUCATION|0|native
APPROVED-COMMUNITY-PROJECTS-2025-MAGOYE1.pdf|2025|Magoye|approved|6|CONSTRUCTION OF A STAFF HOUSE AT CHIFUMPU COMMUNITY SCHOOL MBAYA MUSUMA EDUCATION DRILLING AND EQUIPPING OF 9 BOREHOLES WITH HANDPUMP MBAYA|0|native
APPROVED-COMMUNITY-PROJECTS-2025-MAGOYE1.pdf|2025|Magoye|approved|7|MUSUMA WARD. MBAYA MUSUMA WATER DRILLING AND EQUIPPING OF 9 BOREHOLES WITH HANDPUMP IN MUJILE|0|native
APPROVED-COMMUNITY-PROJECTS-2025-MAGOYE1.pdf|2025|Magoye|approved|8|WARD MUJILE WATER|0|native
APPROVED-COMMUNITY-PROJECTS-2025-MAGOYE1.pdf|2025|Magoye|approved|9|CONSTRUCTION OF 1 STAFF HOUSES AT MUNJILE PRIMARY SCHOOL. MUJILE EDUCATION|0|native
APPROVED-COMMUNITY-PROJECTS-2025-MAGOYE1.pdf|2025|Magoye|approved|10|ADDITIONAL FUNDS FOR POLICE POST OPPOSITE MAGOYE MUJILE SECURITY|0|native
APPROVED-COMMUNITY-PROJECTS-2025-MAGOYE1.pdf|2025|Magoye|approved|111|X2 CRB AT SIMWABA PRIMARY SCHOOL MUNENGA EDUCATION 12ADDITIONAL FUNDS FOR LUKUBA PRE SCHOOL MUNENGA EDUCATION CONSTRUCTION OF A 1X3 CRB, STAFF HOUSE & ABLUTION BLOCK AT 13NAMWAANGA COMMUNITY SCHOOL MUSUMA EDUCATION 14CONSTRUCTION OF STAFF HOUSE AT COMMUNITY LUNGWE SCHOOL MWANACHINGWALA EDUCATION 15CONSTRUCTION OF KALEYA POLICE POST NACHIPOMA EDUCATION CONSTRUCTION OF 1X3 CLASSROOM BLOCK, 1 STAFF HOUSE ,1 16ABLUTION BLOCK & WATER) NGWEZI EDUCATION 17CONSTRUCTION OF A MARTENITY ANNEX AT NKONKOLA CLINIC NKONKOLA HEALTH|0|native
LIST-OF-PROPOSED-PROJECTS-MAGOYE.pdf|2025|Magoye|proposed|1|CONSTRUCTION OF A DIP TANK AT MABANZE ZONE AGRICULTURE CHIVUNA CONSTRUCTION OF A HEATH POST AT MABANZE|0|native
LIST-OF-PROPOSED-PROJECTS-MAGOYE.pdf|2025|Magoye|proposed|2|HEALTH POST HEALTH CHIVUNA CONSTRUCTION OF A MATERNITY WARD AND CAMP|0|native
LIST-OF-PROPOSED-PROJECTS-MAGOYE.pdf|2025|Magoye|proposed|3|HOUSE AT MABANZE HEALTH CHIVUNA|0|native
LIST-OF-PROPOSED-PROJECTS-MAGOYE.pdf|2025|Magoye|proposed|4|ROOFING AT ZONE 3 SALVATION ARMY CHURCH RELIGIOUS CHIVUNA REHABILITATION/RECONSTRUCTION OF HEADTEACHERS' HOUSE AT CHIJANWA PRIMARY|0|native
LIST-OF-PROPOSED-PROJECTS-MAGOYE.pdf|2025|Magoye|proposed|5|SCHOOL EDUCATION CHIVUNA CONSTRUCTION AND DRILLING OF A BOREHOLE AT|0|native
LIST-OF-PROPOSED-PROJECTS-MAGOYE.pdf|2025|Magoye|proposed|6|MAINZA ZONE AGRICULTURE AND WATER CHIVUNA|0|native
LIST-OF-PROPOSED-PROJECTS-MAGOYE.pdf|2025|Magoye|proposed|7|CONSTRUCTION OF A FOOTBRIDGE AT MAINZA ZONE 3 TRANSPORT CHIVUNA INSTALLATION OF ELECTRICITY AT MAINZA PRIMARY|0|native
LIST-OF-PROPOSED-PROJECTS-MAGOYE.pdf|2025|Magoye|proposed|8|SCHOOL ENERGY CHIVUNA CONSTRUCTION OF 6(SIX) STAFF HOUSES AND 3X3 CLASSROOM BLOCK AT UPPER NGWEZI PRIMARY|0|native
LIST-OF-PROPOSED-PROJECTS-MAGOYE.pdf|2025|Magoye|proposed|9|SCHOOL EDUCATION CHIVUNA CONSTRUCTION OF 5 (FIVE ) STANDARD HOUSES AT|0|native
LIST-OF-PROPOSED-PROJECTS-MAGOYE.pdf|2025|Magoye|proposed|10|MABANZE PRIMARY SCHOOL EDUCATION CHIVUNA INSTALLATION OF ELECTRICITY AT MAINZA PRIMARY|0|native
LIST-OF-PROPOSED-PROJECTS-MAGOYE.pdf|2025|Magoye|proposed|11|SCHOOL EDUCATION CHIVUNA|0|native
LIST-OF-PROPOSED-PROJECTS-MAGOYE.pdf|2025|Magoye|proposed|12|REHABILITATION OF CHIVUNA DAM WATER CHIVUNA CONSTRUCTION/COMPLETION OF TEACHERS' HOUSES|0|native
LIST-OF-PROPOSED-PROJECTS-MAGOYE.pdf|2025|Magoye|proposed|13|AT CHOBANA COMMUNITY SCHOOL EDUCATION CHIVUNA REHABILITATION/RECONSTRUCTION OF KAMPATA DAM|0|native
LIST-OF-PROPOSED-PROJECTS-MAGOYE.pdf|2025|Magoye|proposed|14|IN CHIVUNA WATER CHIVUNA|0|native
LIST-OF-PROPOSED-PROJECTS-MAGOYE.pdf|2025|Magoye|proposed|15|CONSTRUCTION OF A COMMUNITY SCHOOL EDUCATION ITEBE|0|native
LIST-OF-PROPOSED-PROJECTS-MAGOYE.pdf|2025|Magoye|proposed|16|CONSTRUCTION OF MARTENITY WARD HEALTH ITEBE|0|native
LIST-OF-PROPOSED-PROJECTS-MAGOYE.pdf|2025|Magoye|proposed|17|CONSTRUCTION OF MUKWIMA RURAL HEALTH POST HEALTH KALAMA|1|native
LIST-OF-PROPOSED-PROJECTS-MAGOYE.pdf|2025|Magoye|proposed|18|DRILLING A MECHANISED BOREHOLE WATER/IRRIGARION KALAMA|1|native
LIST-OF-PROPOSED-PROJECTS-MAGOYE.pdf|2025|Magoye|proposed|19|DRILLING A BOREHORE WATER/IRRIGATION KALAMA SETTING UP WATER IRRIGATION SYSTEM FOR|1|native
LIST-OF-PROPOSED-PROJECTS-MAGOYE.pdf|2025|Magoye|proposed|20|SEASONAL FAMERS WATER/IRRIGATION KALAMA|1|native
LIST-OF-PROPOSED-PROJECTS-MAGOYE.pdf|2025|Magoye|proposed|21|DRILLING A MECHANISED BOREHOLE WATER/IRRIGATION KALAMA|1|native
LIST-OF-PROPOSED-PROJECTS-MAGOYE.pdf|2025|Magoye|proposed|22|DRILLING A BOREHOLE WATER/IRRIGATION KALAMA|1|native
LIST-OF-PROPOSED-PROJECTS-MAGOYE.pdf|2025|Magoye|proposed|23|CONSTRUCTION OF A 1X2 STAFF HOUSE EDUCATION KALAMA|1|native
LIST-OF-PROPOSED-PROJECTS-MAGOYE.pdf|2025|Magoye|proposed|24|COBSTRUCTION OF AGRICULTURE CAMP AGRICULTURE KALAMA|1|native
LIST-OF-PROPOSED-PROJECTS-MAGOYE.pdf|2025|Magoye|proposed|25|MERCHANIZATION OF A BOREHOLE WTAER/IRRIGATION KALAMA DRILLING AND SETTUNG UP A SOLAR POWERED|1|native
LIST-OF-PROPOSED-PROJECTS-MAGOYE.pdf|2025|Magoye|proposed|26|BOREHOLE WATER/IRRIGATION KALAMA|1|native
LIST-OF-PROPOSED-PROJECTS-MAGOYE.pdf|2025|Magoye|proposed|27|DRILLING A BOREHOLE WATER/IRRIAGATION MBAYA|1|native
LIST-OF-PROPOSED-PROJECTS-MAGOYE.pdf|2025|Magoye|proposed|28|DRILLING OF A BOREHOLE WATER/IRRIGATION MBAYA|1|native
LIST-OF-PROPOSED-PROJECTS-MAGOYE.pdf|2025|Magoye|proposed|29|CONSTRUCTION OF A STAFF EDUCTAION MBAYA|1|native
LIST-OF-PROPOSED-PROJECTS-MAGOYE.pdf|2025|Magoye|proposed|30|DRILLING OF A BOREHOLE WATER/IRRIGATION MBAYA|1|native
LIST-OF-PROPOSED-PROJECTS-MAGOYE.pdf|2025|Magoye|proposed|31|DRILLING OF A BOREHOLE WATER/IRRIGATION MBAYA|1|native
LIST-OF-PROPOSED-PROJECTS-MAGOYE.pdf|2025|Magoye|proposed|32|DRILLING A HAND PUMP BOREHOLE WATER/IRRIGATION MBAYA|1|native
LIST-OF-PROPOSED-PROJECTS-MAGOYE.pdf|2025|Magoye|proposed|33|DRILLING OF A BOREHOLE WATER/IRRIGATION MBAYA|1|native
LIST-OF-PROPOSED-PROJECTS-MAGOYE.pdf|2025|Magoye|proposed|34|DRILLING OF A HAND PUMP BOREHOLE WATER/IRRIGATION MBAYA|1|native
LIST-OF-PROPOSED-PROJECTS-MAGOYE.pdf|2025|Magoye|proposed|35|DRILLING A HAND PUMP BOREHOLE WATER/IRRIGATION MBAYA|1|native
LIST-OF-PROPOSED-PROJECTS-MAGOYE.pdf|2025|Magoye|proposed|36|DRILLING OF A BOREHOLE WATER/IRRIGATION MBAYA|1|native
LIST-OF-PROPOSED-PROJECTS-MAGOYE.pdf|2025|Magoye|proposed|37|DRILLING A BOREHOLE WATER MUNJILE|1|native
LIST-OF-PROPOSED-PROJECTS-MAGOYE.pdf|2025|Magoye|proposed|38|DRILLING A BOREHOLE WATER MUNJILE|2|native
LIST-OF-PROPOSED-PROJECTS-MAGOYE.pdf|2025|Magoye|proposed|39|DRILLING A BOREHOLE WATER MUNJILE|2|native
LIST-OF-PROPOSED-PROJECTS-MAGOYE.pdf|2025|Magoye|proposed|40|DRILLING A BOREHOLE WATER MUNJILE|2|native
LIST-OF-PROPOSED-PROJECTS-MAGOYE.pdf|2025|Magoye|proposed|41|DRILLING A BOREHOLE WATER MUNJILE|2|native
LIST-OF-PROPOSED-PROJECTS-MAGOYE.pdf|2025|Magoye|proposed|42|DRILLING A BOREHOLE WATER MUNJILE|2|native
LIST-OF-PROPOSED-PROJECTS-MAGOYE.pdf|2025|Magoye|proposed|43|DRILLING A BOREHOLE WATER MUNJILE|2|native
LIST-OF-PROPOSED-PROJECTS-MAGOYE.pdf|2025|Magoye|proposed|44|DRILLING A SOLAR POWERED BOREHOLE WATER MUNJILE|2|native
LIST-OF-PROPOSED-PROJECTS-MAGOYE.pdf|2025|Magoye|proposed|45|DRILLING A BOREHOLE WATER MUNJILE|2|native
LIST-OF-PROPOSED-PROJECTS-MAGOYE.pdf|2025|Magoye|proposed|46|DRILLING A BOREHOLE WATER MUNJILE|2|native
LIST-OF-PROPOSED-PROJECTS-MAGOYE.pdf|2025|Magoye|proposed|47|DRILLING A BOREHOLE WATER MUNJILE|2|native
LIST-OF-PROPOSED-PROJECTS-MAGOYE.pdf|2025|Magoye|proposed|48|DRILLING A BOREHOLE WATER MUNJILE|2|native
LIST-OF-PROPOSED-PROJECTS-MAGOYE.pdf|2025|Magoye|proposed|49|DRILLING A BOREHOLE WATER MUNJILE|2|native
LIST-OF-PROPOSED-PROJECTS-MAGOYE.pdf|2025|Magoye|proposed|50|DRILLING A BOREHOLE WATER MUNJILE|2|native
LIST-OF-PROPOSED-PROJECTS-MAGOYE.pdf|2025|Magoye|proposed|51|DRILLING A BOREHOLE WATER MUNJILE CONSTRUCTION OF A REHABILITATION CENTRE AT|2|native
LIST-OF-PROPOSED-PROJECTS-MAGOYE.pdf|2025|Magoye|proposed|52|CHITONGO HEALTH POST HEALTH MUNJILE CONSTRUCTION OF A 1X3 CLASSROM BLOCK, SCHOOL WALL FENCE, DOMITORIES; DRILLING OF A SOLAR PANELED|2|native
LIST-OF-PROPOSED-PROJECTS-MAGOYE.pdf|2025|Magoye|proposed|53|BOREHOLE AND PROCUREMENT OF A SCHOOL BUS EDUCATION, TRANSPORT AND WMAUTNEJRI LE DRILLING OF A SOLAR|2|native
LIST-OF-PROPOSED-PROJECTS-MAGOYE.pdf|2025|Magoye|proposed|54|POWERED BOREHOLE AT MUNJILE ZONE-1 WARD WATER SECTOR MUNJILE CONSTRUCTION OF A|2|native
LIST-OF-PROPOSED-PROJECTS-MAGOYE.pdf|2025|Magoye|proposed|55|CLINIC WALL FENCE HEALTH MUNJILE REHABILITATION 1X3 CLASSROOM BOCK AND DRILLING|2|native
LIST-OF-PROPOSED-PROJECTS-MAGOYE.pdf|2025|Magoye|proposed|56|OF A HANDPUMP(BOREHOLE) EDUCATION AND WATER MUNJILE CONSTRUCTION OF STAFF|2|native
LIST-OF-PROPOSED-PROJECTS-MAGOYE.pdf|2025|Magoye|proposed|57|HOUSES EDUCATION MUNJILE|2|native
LIST-OF-PROPOSED-PROJECTS-MAGOYE.pdf|2025|Magoye|proposed|58|CONSTRUCTION OF A MATERNITY WARD HEALTH MUNJILE CONSTRUCTION OF A HEATH POST|3|native
LIST-OF-PROPOSED-PROJECTS-MAGOYE.pdf|2025|Magoye|proposed|59|HEALTH MUNJILE DRILLLING A SOLAR POWERED BOREHOLE|3|native
LIST-OF-PROPOSED-PROJECTS-MAGOYE.pdf|2025|Magoye|proposed|60|WATER SECTOR MUNJILE DRILLING A 1(ONE) SOLAR|3|native
LIST-OF-PROPOSED-PROJECTS-MAGOYE.pdf|2025|Magoye|proposed|61|POWERED WATER TANK/BOREHOLE WATER SECTOR MUNJILE INSTALLATION/DRILLING|3|native
LIST-OF-PROPOSED-PROJECTS-MAGOYE.pdf|2025|Magoye|proposed|62|OF A SOLAR POWERED BOREHOLE WATER MUNJILE INSTALLATION/DRILLING|3|native
LIST-OF-PROPOSED-PROJECTS-MAGOYE.pdf|2025|Magoye|proposed|63|OF A SOLAR POWERED BOREHOLE WATER MUNJILE DRILLING OF A SOLAR|3|native
LIST-OF-PROPOSED-PROJECTS-MAGOYE.pdf|2025|Magoye|proposed|64|POWERD BOREHOLE WATER MUNJILE CONSTRUCTION OF A CAMP AGRICULTURE OFFICER'S|3|native
LIST-OF-PROPOSED-PROJECTS-MAGOYE.pdf|2025|Magoye|proposed|65|HOUSES AGRICULTURE MUNJILE DRILLING OF A SOLAR|3|native
LIST-OF-PROPOSED-PROJECTS-MAGOYE.pdf|2025|Magoye|proposed|66|POWERD BOREHOLE WATER MUNJILE|3|native
LIST-OF-PROPOSED-PROJECTS-MAGOYE.pdf|2025|Magoye|proposed|67|DRILLING A BOREHOLE WATER MUNJILE|3|native
LIST-OF-PROPOSED-PROJECTS-MAGOYE.pdf|2025|Magoye|proposed|68|DRILLING OF A SOLAR POWERED BOREHOLE WATER MUNJILE|3|native
LIST-OF-PROPOSED-PROJECTS-MAGOYE.pdf|2025|Magoye|proposed|69|DRILLING OF A HAND PUMP WATER MUNJILE EQUIPPING A SOLAR PANELED|3|native
LIST-OF-PROPOSED-PROJECTS-MAGOYE.pdf|2025|Magoye|proposed|70|BOREHOLE WATER MUNJILE|3|native
LIST-OF-PROPOSED-PROJECTS-MAGOYE.pdf|2025|Magoye|proposed|71|DRILLING OF A BOREHLE WATER MUNJILE|3|native
LIST-OF-PROPOSED-PROJECTS-MAGOYE.pdf|2025|Magoye|proposed|72|DRILLING A BOREHOLE AT MUKUYU ZONE WATER MWANACHINGWALA INSTATALLATION OF A TRANSFORMER AT MUKUYU|3|native
LIST-OF-PROPOSED-PROJECTS-MAGOYE.pdf|2025|Magoye|proposed|73|ZONE ENERGY MWANACHINGWALA CONSTRUCTION OF A PIT LATRINE AT MUKUYU HEALTH|3|native
LIST-OF-PROPOSED-PROJECTS-MAGOYE.pdf|2025|Magoye|proposed|74|CLINIC HEALTH MWANACHINGWALA REHABILITATION OF TREATMENT BLOCK, ABLUTION BLOCK AND CONSTRUCTION OF INSINUATOR AND|3|native
LIST-OF-PROPOSED-PROJECTS-MAGOYE.pdf|2025|Magoye|proposed|75|PLACENTA PIT AT MUKUYU RHC HEALTH MWANACHINGWALA CONSTRUCTION OF LUUNGWE HEALTH POST STAFF|3|native
LIST-OF-PROPOSED-PROJECTS-MAGOYE.pdf|2025|Magoye|proposed|76|HOUSES H EALTH MWANACHINGWALA CONSTRUCTION OF 2XTWIN|3|native
LIST-OF-PROPOSED-PROJECTS-MAGOYE.pdf|2025|Magoye|proposed|77|HOUSES AT MUKUYU PRIMARY SCHOOL EDUCATION MWANACHINGWALA CONSTRUCTION OF A PRE-SCHOOL AT|3|native
LIST-OF-PROPOSED-PROJECTS-MAGOYE.pdf|2025|Magoye|proposed|78|MWANACHINGWALA COMMUNITY EDUCATION MWANACHINGWALA DRILLING AND MWCHANIZATION MECHANIZATION OF|4|native
LIST-OF-PROPOSED-PROJECTS-MAGOYE.pdf|2025|Magoye|proposed|79|BOREHOLE WATER/IRRIGATION NACHIPOOMA|4|native
LIST-OF-PROPOSED-PROJECTS-MAGOYE.pdf|2025|Magoye|proposed|80|DRILLING AND MECHANIZATION OF A BOREHOLE WATER/IRRIGATION NACHIPOOMA|4|native
LIST-OF-PROPOSED-PROJECTS-MAGOYE.pdf|2025|Magoye|proposed|81|CONSTRUCTION OF A HEALTH POST HEALTH NACHIPOOMA|4|native
LIST-OF-PROPOSED-PROJECTS-MAGOYE.pdf|2025|Magoye|proposed|82|DRILLING AND MECHANIZATION OF A BOREHOLE WATER/IRRIGATION NACHIPOOMA|4|native
LIST-OF-PROPOSED-PROJECTS-MAGOYE.pdf|2025|Magoye|proposed|83|CONSTRUCTION OF A SCHOOL SCIENCE LABORATORY EDUCATION NACHIPOOMA|4|native
LIST-OF-PROPOSED-PROJECTS-MAGOYE.pdf|2025|Magoye|proposed|84|CONSTRUCTING A DIPPING SITE FOR ANIMALS AGRICULTURE NGWEZI|4|native
LIST-OF-PROPOSED-PROJECTS-MAGOYE.pdf|2025|Magoye|proposed|85|CNSTRUCTION OF A SCHOOL EDUCATION NGWEZI|4|native
LIST-OF-PROPOSED-PROJECTS-MAGOYE.pdf|2025|Magoye|proposed|86|DRILLING OF A BOREHOLE WATER/IRRIGATION NGWEZI|4|native
LIST-OF-PROPOSED-PROJECTS-MAGOYE.pdf|2025|Magoye|proposed|87|DRILLING OF BOREHOLE WATER/IRRIGATION NGWEZI|4|native
LIST-OF-PROPOSED-PROJECTS-MAGOYE.pdf|2025|Magoye|proposed|88|CONSTRUCTION OF 1X2 STAFF HOUSE EDUCATION NGWEZI|4|native
LIST-OF-PROPOSED-PROJECTS-MAGOYE.pdf|2025|Magoye|proposed|89|CNSTRUCTION OF A DAM WATER/IRRIGATION NGWEZI|4|native
LIST-OF-PROPOSED-PROJECTS-MAGOYE.pdf|2025|Magoye|proposed|90|CONSTRUCTION OF DUMBA HEALTH POST HEALTH NGWEZI|4|native
LIST-OF-PROPOSED-PROJECTS-MAGOYE.pdf|2025|Magoye|proposed|91|INSATLLING ELECTRICITY AT NEW APOSTOLIC CHURCH RELIGIOUS NGWEZI|4|native
LIST-OF-PROPOSED-PROJECTS-MAGOYE.pdf|2025|Magoye|proposed|92|DRILLING A BOREHOLE WATER/IRRIGATION NGWEZI|4|native
LIST-OF-PROPOSED-PROJECTS-MAGOYE.pdf|2025|Magoye|proposed|93|DRILLING A BOREHOLE WATER/IRRIGATION NGWEZI|4|native
LIST-OF-PROPOSED-PROJECTS-MAGOYE.pdf|2025|Magoye|proposed|94|DRILLING A BOREHOLE WATER/IRRIGATION NGWEZI|4|native
LIST-OF-PROPOSED-PROJECTS-MAGOYE.pdf|2025|Magoye|proposed|95|DRILLING OF BOREHOLE WATER/IRRIGATION NGWEZI|4|native
LIST-OF-PROPOSED-PROJECTS-MAGOYE.pdf|2025|Magoye|proposed|96|DRILLING OF BOREHOLE WATER/IRRIGATION NGWEZI|4|native
LIST-OF-PROPOSED-PROJECTS-MAGOYE.pdf|2025|Magoye|proposed|97|DRILLING OF A HAND PUMP BOREHOLE WATER/IRRIGATION NGWEZI|4|native
LIST-OF-PROPOSED-PROJECTS-MAGOYE.pdf|2025|Magoye|proposed|98|DRILLING AND MECHANIZATION OF A BOREHOLE WATER/IRRIGATION NGWEZI|4|native
LIST-OF-PROPOSED-PROJECTS-MAGOYE.pdf|2025|Magoye|proposed|99|DRILLING A BOREHAND WATER/IRRIGATION NGWEZI|5|native
LIST-OF-PROPOSED-PROJECTS-MAGOYE.pdf|2025|Magoye|proposed|100|CONSTRUCTING A COMMUNITY SOCIAL SERVICE NGWEZI|5|native
LIST-OF-PROPOSED-PROJECTS-MAGOYE.pdf|2025|Magoye|proposed|101|DRILLING A MECHANISED BOREHOLE WATER/IRRIGATION NKONKOLA|5|native
LIST-OF-PROPOSED-PROJECTS-MAGOYE.pdf|2025|Magoye|proposed|102|DRILLING A SOLAR POWERED BOREHORE WATER/IRRIGATION NKONKOLA|5|native
LIST-OF-PROPOSED-PROJECTS-MAGOYE.pdf|2025|Magoye|proposed|103|DRILLING OF A BOREHOLE WATER/IRRIGATION NKONKOLA|5|native
LIST-OF-PROPOSED-PROJECTS-MAGOYE.pdf|2025|Magoye|proposed|104|DRILLING OF A HANDPUMP BOREHOLE WATER/IRRIGATION NKONKOLA BULDING OF THREE STAFF HOUSES AT SIANZALA|5|native
LIST-OF-PROPOSED-PROJECTS-MAGOYE.pdf|2025|Magoye|proposed|105|PRIMARY SCHOOL EDUCATION NKONKOLA BUILDING STAFFS HOUSES AT HANZALA RURAL HEALTH|5|native
LIST-OF-PROPOSED-PROJECTS-MAGOYE.pdf|2025|Magoye|proposed|106|CLINIC HEALTH NKONKOLA|5|native
LIST-OF-PROPOSED-PROJECTS-MAGOYE.pdf|2025|Magoye|proposed|107|SETTING UP A DEEP TANK WATER/IRRIGATION NKONKOLA|5|native
LIST-OF-PROPOSED-PROJECTS-MAGOYE.pdf|2025|Magoye|proposed|108|CONSTRUCTION OF A DAM WATER/IRRIGATION NKONKOLA DRILLING OF A HAND PUMP BOREHOLE IN MUTANTILO|5|native
LIST-OF-PROPOSED-PROJECTS-MAGOYE.pdf|2025|Magoye|proposed|109|VILLAGE WATER NKONKOLA|5|native
LIST-OF-PROPOSED-PROJECTS-MAGOYE.pdf|2025|Magoye|proposed|110|DRILLING A HAND PUMP BOREHOLE WATER/IRRIGATON NKONKOLA|5|native
LIST-OF-PROPOSED-PROJECTS-MAGOYE.pdf|2025|Magoye|proposed|111|DRILLING OF HAND PUMP BOREHOLE WATER/IRRIGATION NKONKOLA|5|native
LIST-OF-PROPOSED-PROJECTS-MAGOYE.pdf|2025|Magoye|proposed|112|DRILLING OF A HAND PUMP BOREHOLE WATER/IRRIGATION NKONKOLA BUILDING SCHOOL CLASSROOMS, STAFF HOUSES AND|5|native
LIST-OF-PROPOSED-PROJECTS-MAGOYE.pdf|2025|Magoye|proposed|113|TOILETS EDUCATION NKONKOLA|5|native
LIST-OF-PROPOSED-PROJECTS-MAGOYE.pdf|2025|Magoye|proposed|114|DRILLING AND MECHANIZATION OF A BOREHOLE WATER/IRRIGATION NKONKOLA|5|native
LIST-OF-PROPOSED-PROJECTS-MAGOYE.pdf|2025|Magoye|proposed|115|DRILLING OF A HAND PUMP BOREHOLE WATER/IRRIGATION NKONKOLA|5|native
LIST-OF-PROPOSED-PROJECTS-MAGOYE.pdf|2025|Magoye|proposed|116|CNOSTRUCTION OF CHIKANDAMUNCHILE CLINIC HEALTH NKONKOLA COMPLETION OF 1X2 AT NKONKOLA UPPER PRIMARY|5|native
LIST-OF-PROPOSED-PROJECTS-MAGOYE.pdf|2025|Magoye|proposed|117|SCHOOL EDUCATION NKONKOLA|5|native
CDF-2025-UNAPPROVED-COMMUNITY-PROJECTS-MAGOYE.pdf|2025|Magoye|unapproved|10|PRIMARY SCHOOL EDUCATION IINSTALLATION OF ELECTRICITYAT MAINZA PRIMARY SCHOQL EDUCATION CHIVUNA IInSUFFICEIENT FUNDS WATER CHIVUNA INSUFFICEIENT FUNDS REHABILITATION OF CHIVUNA DAM CONSTRUCTIONICOMPLETION OF TEACHERS' HOUSES AT CHOBANA EDUCATION CHIVUNA INSUFFICEIENT FUNDS|0|ocr
CDF-2025-UNAPPROVED-COMMUNITY-PROJECTS-MAGOYE.pdf|2025|Magoye|unapproved|113|COMMUNITY SCHOOL REHABILITATIONRECONSTRUCTION QE KAMPATA DAMIN CHIVUNA WATER CHIVUNA INSUFFICEIENT FUNDS CONSTRUCTION OF MARTENITY WARD AT ITEBE HEALTH CENTER HEALTH ITEBE INSUFFICEIENT FUNDS 16 CONSTRUCTION OF_MUKWIMA RURAL HEALTH POST HEALTH KALAMA INSUFFICEIENT FUNDS WATER KALAMA lInSUFFICEIENT FUNDS 18 IDRILLING A MECHANISED BOREHOLE IN NALEZA WATER KALAMA IWSUFFICEIENT FUNDS 19 DRILLING A BOREHORE IN MANYANA SETTING UP WATER IRRIGATION SYSTEM FOR SEASONAL FAMERS KALAMA JISUFFICEIENT FUNDS 20 IN MANYANA WATER 21 DRILLING A MECHIANISED BOREHOLE IN NALEZA WATER KALAMA HInSUFFICEIENT FUNDS 22 DRILLING A BOREHOLE IN MOONGA VILLAGE B WATER KALAMA INSUFFICEIENT FUNDS CONSTRUCTION OF A 1X2 STAFF HOUSE AT MUNENGA PRIMARY|0|ocr
CDF-2025-UNAPPROVED-COMMUNITY-PROJECTS-MAGOYE.pdf|2025|Magoye|unapproved|123|SCHOOL EDUCATION KALAMA INSUFFICEIENT FUNDS 24 COBSTRUCTION OF AGRICULTURE CAMP IN MABANGA AGRICULTURE KALAMA INSUFFICEIENT FUNDS 25 MERCHANIZATION OF A BOREHOLE WATER KALAMA {INSUFFICEIENT FUNDS DRILLING AND SETTUNG UP A SOLAR POWERED BOREHOLE IN WATER KALAMA INSUFFICEIENT FUNDS 26 HAKWAMBWA CONSTRUCTION OF A REHABILITATION CENTRE AT CHITONGO MUNJILE HEALTH INSUFFICEIENT FUNDS 51 HEALTH POST CONSTRUCTION OF A 1X3 CLASSROOM BLOCK; SCHOOL WALL EDUCATION, FENCE DOMITORIES; DRILLING OF A SOLAR PANELED BOREHOLE TRANSPORT AND AND PROCUREMENT OF A SCHOOL BUS AT MUNJILE SEONDARY WATER MUNJILE INSUFFICEIENT FUNDS 52 SCHOOL DRILLING OF A SOLAR MUNJILE 53 POWERED BOREHOLE AT MUNJILE ZONE1 WARD WATER HINSUFFICEIENT FUNDS CONSTRUCTION OF A WALL FENCE AT MUNJILE CLINIC MUNJILE HEALTH INSUFFICEIENT FUNDS 54 REHABILITATION 1X3 CLASSROOM BOCK AND DRILLING OF A MUNJILE 55 HANDPUMP(BOREHOLE)AT MUNJILE PRIMARY SCHOOL EDUCATION INSUFFICEIENT FUNDS|1|ocr
CDF-2025-UNAPPROVED-COMMUNITY-PROJECTS-MAGOYE.pdf|2025|Magoye|unapproved|658|"DRILLLING A SOLAR POWERED BOREHOLE IN KATABA WATER MUNJILE INSUFFICEIENT FUNDS DRILLING A I(ONE) SOLAR POWERED WATER TANKIBOREHOLE IN 59 CHITONCO WATER MUNJILE lINSUFFICEIENT FUNDS lInSTALLATIONIDRILLING OF A SOLAR POWERED BOREHOLE IN MUNJILE WATER INSUFFICEIENT FUNDS 60 CHITONGO JINSTALLATIONIDRILLING OF A SOLAR POWERED BOREHOLE IN 61 CHITONGQ WATER MUNJILE HINSUFFICEIENT FUNDS DRILLING OF A SOLAR WATER MUNJILE INSUFFICEIENT FUNDS (62 POWERD BOREHOLE IN CHITONCQ_ CONSTRUCTION OF A CAMP AGRICULTURE OFFICER'S HOUSES IN AGRICULTURE MUNJILE WSUFFICEIENT FUNDS_ 63 CHITONGQ 54 DRILLING A BOREHOLE IN MUNJILE WATER MUNJILE INSUFFICEIENT FUNDS 65 DRILLING OF A HAND PUMP IN MUNJILE WATER MUNJILE INSUFFICEIENT FUNDS EQUIPPING A SOLAR PANELED 66 BOREHOLE IN MUNJILE WATER MUNJILE INSUFFICEIENT FUNDS 67 DRILLING OF A BOREHOLE IN MUNJILE WATER MUNJILE INSUFFICEIENT FUNDS 68 DRILLING A 3OREHOLE AT MUKUYU ZONE WATER MWANACHINGWALA INSUFFICEIENT FUNDS 69 INSTATALLATION OF A TRANSFORMER AT MUKUYU ZONE ENERGY MWANACHINGWALA INSUFFICEIENT FUNDS 70 CONSTRUCTION OF A PIT LATRINE AT MUKUYU HEALTH CLINIC HEALTH MWANACHINGWALA INSUFFICEIENT FUNDS REHABILITATION OF TREATMENT BLOCK, ABLUTION BLOCK AND CONSTRUCTION OF INSINUATOR AND PLACENTA PIT AT MUKUYU RHC HEALTH MWANACHINGWALA INSUFFICEIENT FUNDS {72 CONSTRUCTION OF LUUNGWE HEALTH POST STAFF HOUSES HEALTH MWANACHINGWALA INSUFFICEIENT FUNDS CONSTRUCTION OF 1X2 73 HQUSES AT MUKUYU PRIMARY SCHOOL EDUCATION MWANACHINGWALA INSUFFICEIENT FUNDS CONSTRUCTION OF A PRE-SCHOOL AT MWANACHINGWALA MWANACHINGWALA COMMUNITY EDUCATION INSUFFICEIENT FUNDS DRHLLING AND MWCHANIZATION MECHANIZATICN OF BOREHOLE IN 75 MULANDO VILLAGE WATER NACHIPOOMA INSUFFICEIENT FUNDS DRILLING AND MECHANIZATION OF A BOREHOLE IN RIVERDALE 76 COMPOUND WATER NACHIPOOMA INSUFFICEIENT FUNDS CONSTRUCTION OF A HEALTH POST INLWIINDIZONE KEALTH NACHIPOOMA WSUFFICEIENT FUNDS DRILLING AND MECHANIZATION OF A BOREHOLE IN KALEYA TUSOLE 78 COMPOUND WATER NACHIPOOMA INSUFFICEIENT FUNDS CONSTRUCTION OF A SCHOOL SCIENCE LABORATORY AT KALEYA 79 WEST SECONDARY SCHOOL EDUCATION NACHIPOOMA JiNSUFFICEIENT FUNDS 80 CONSTRUCTING A DIPPING SITE FOR ANIMALS IN RESEARCH AGRICULTURE NGWEZI INSUFFICEIENT FUNDS DRILLING OF A BOREHOLE IN RESEARCH WATER NCWEZI INSUFFICEIENT FUNDS 82 DRILLING OF BOREHOLE IN CHITUBA MEENDA WATER NGWEZI INSUFFICEIENT FUNDS 83 CONSTRUCTION OF 1X2 STAFF HQUSE AT MATIMYA 84 PRIMARYSCHOOL EDUCATION NGWEZI INUFFICEIENT FUNDS 85 CNSTRUCTION OF A DAM IN HANJALIKA WATER NGWEZI INSUFFICEIENT FUNDS [86 CONSTRUCTION OF DUMBA HEALTH POST HEALTH NGWEZI INSUFFICEIENT FUNDS 87 INSATLLING ELECTRICITY AT NEW APOSTOLIC CHURCH RELIGIOUS NGWEZI INSUFFICEIENT FUNDS 488 DRILLING A BOREHOLE IN KATUMBi COMMUNITY WATER NGWEZI INSUFFICEIENT FUNDS 89 DRILLING A BOREHOLE IN MAPENZI NKUYANDA WATER NGWEZ' INSUFFICEIENT FUNDS 90 DRILLING A BOREHOLE IN CHITUBA MEENDA WATER NGWEZI INSUFFICEIENT FUNDS 91 DRILLING OF BOREHOLE INKAMANDQ COMMUNITY WATER NGWEZI IINSUFFICEIENT FUNDS 92 DRILLING OF BOREHOLE IN MATIMBYA WATER NGWEZI INSUFFICEIENT FUNDS 93 DRILLING OF A HAND PUMP BOREHOLE IN DINDI WATER NGWEZI INSUFFICEIENT FUNDS DRILLING AND MECHANIZATION OF A BOREHOLE PAKA PAKA 94 COMMUNITY WATER NGWEZI WNSUFFICEIENT FUNDS 95 DRILLING A BOREHOLE IN ZONE 9 WATER NGWEZI INSUFFICEIENT FUNDS 96 CONSTRUCTING A COMMUNITY SCHOOL IN ZONE 9 EDUCATION NGWEZI INSUFFICEIENT"" FUNDS 97 DRILLING A MECHANISED BOREHOLE AT CHIBUYU PRIMARY SCHOOLIWATER NKONKOLA INSUFFICEIENT FUNDS 99 DRILLING QF A BOREHOLE IN ZONE 5 WATER NKONKOLA INSUFFICEIENT FUNDS 100 DRILLING OF A HIANDPUMP BOREHOLE IN NKONKOLA LOWER WATER NKONKOLA INSUFFICEIENT FUNDS 101 BUILDING OF THREE STAFF HOUSES AT SIANZALA PRIMARY SCHOOL EDUCATION NKONKOLA INSUFFICEIENT FUNDS HEALTH NKONKOLA INSUFFICEIENT FUNDS 102 BUILDING STAFFS HOUSES AT HANZALA RURAL HEALTH CLINIC WATER NKONKOLA INSUFFICEIENT FUNDS 103 SETTING UP A DIP TANK IN ZONE 5 104 CONSTRUCTION OF A DAM IN HANZALA WATER NKONKOLA INSUFFICEIENT FUNDS_ 105 DRILLING OF A HAND PUMP BOREHOLE IN MUTANTILO VILLAGE WATER NKONKOLA INSUFFICEIENT FUNDS 106 DRILLING A HAND PUMP BOREHOLE IN CHIMOGA VILLAGE WATER NKONKOLA INSUFFICEIENT FUNDS 107 DRILLING OF HAND PUMP BOREHOLE IN CHILANGI VILLAGE WATER NKONKOLA INSUFFICEIENT FUNDS 108 DRILLING OF A HAND PUMP BOREHOLE IN CHINTIBULE VILLAGE WATER NKONKOLA INSUFFICEIENT FUNDS BUILDING SCHOOL CLASSROOMS, STAFF HOUSES AND TOILETS AT 109 CHIBUYU PRIMARY SCHOOL EDUCATION NKONKOLA INSUFFICEIENT FUNDS DRILLING AND MECHANIZATION OF A BOREHOLE AT CHIMMONGA 110 VILLAGE WATER NKONKOLA INSUFFICEIENT FUNDS 111 DRILLING CF A HAND FUMP BOREHOLE IN MILANDU VILLAGE WATER NKONKCLA INSUFFICEIENT FUNDS 112 CONSTRUCTION OF CHIKANDAMUNCHILE CLINIC HEALTH INKONKOLA INSUFFICEIENT FUNDS_ 113 COMP;ETION OF 1X2 AT NKCNKOLA UPFER PRIMARY SCHOQL EDUCATION NKONKOLA INSUFFICEIENT FUNDS Wnve: wc ~ {ZN TAL n3Z: , Uuclth Nlukwuta Myimbo 2 F ^CT ^ 47 Tax Ceck 07f :.. ' CLERK I.Cz 670022, MAZABUKA"|1|ocr
PROPOSED-PROJECTS-MAZ-CENTRAL..pdf|2025|Mazabuka Central|approved|1|WARD POLICE POST, SCHOOL, CLINIC INFRASTRUCTURE BENNIE MWIINGA|0|native
CDF-2025-APPROVED-COMMUNITY-PROJECT-MAZABUKA-CENTRAL.pdf|2025|Mazabuka Central|approved|1|1 QF Zambia CDF 2025 APPROVED COMMUNITY PROJECT MAZABUKA CENTRAL APPLICATION SN PROJECT NAMEIDESCRIPTION SECTOR WARD YEAR PRESIDENTIAL PROCUREMENT OF DESKS EDUCATIONN ALL WARDS DIRECTIVE PRESIDENTIAL|0|ocr
PROPOSED-PROJECTS-MAZ-CENTRAL..pdf|2025|Mazabuka Central|approved|2|CONSTRUCTION OF STAFF HOUSE HEALTH AT KANGILA HEALTH CHIZOBO CONSTRUCTION OF LUKATA SALVATION ARMY AT|0|native
CDF-2025-APPROVED-COMMUNITY-PROJECT-MAZABUKA-CENTRAL.pdf|2025|Mazabuka Central|approved|2|FUEL FOR ROADS ROADS ALL WARDS DIRECTIVE CONSTRUCTION OF POLICE POST IN BENNIE|0|ocr
PROPOSED-PROJECTS-MAZ-CENTRAL..pdf|2025|Mazabuka Central|approved|3|SIKALOZIA RELIGIOUS CHIZOBO REHABILITATION OF CLINIC AND THE CONSTRUCTION OF|0|native
CDF-2025-APPROVED-COMMUNITY-PROJECT-MAZABUKA-CENTRAL.pdf|2025|Mazabuka Central|approved|3|SECURITY HILLSIDE MWINGA 20251 CONSTRUCTION OF TWO STAFF HOUSES AT EDUCATION CHIZOBO KANGILA PRIMARY SCHOOL 2025 REHABILITATION OF KAONGA PRIMARY|0|ocr
PROPOSED-PROJECTS-MAZ-CENTRAL..pdf|2025|Mazabuka Central|approved|4|2 STAFF HOUSES HEALTH CHIZOBO|0|native
PROPOSED-PROJECTS-MAZ-CENTRAL..pdf|2025|Mazabuka Central|approved|5|INSTALLATION OF A WIRE FENCE AT DIMBA CLINIC HEALTH CHIZOBO|0|native
CDF-2025-APPROVED-COMMUNITY-PROJECT-MAZABUKA-CENTRAL.pdf|2025|Mazabuka Central|approved|5|EDUCATION KAONGA SCHOOL 20251 PURCHASE OF PHYSIOTHERAPY EQUIPMENT AND CONSTRUCTION OF A HEALTH KAONGA CONCRETE PASSAGE SLAB FROM THE CLINIC TO THE MINI HOSPITAL 20251 DRILLING AND EQUIPPING OF 9 BOREHOLES IWATER AND LUBOMBO IN LUBOMBO WARD SANITATION 20251 CONSTRUCTION OF STAFF HOUSE AT|0|ocr
PROPOSED-PROJECTS-MAZ-CENTRAL..pdf|2025|Mazabuka Central|approved|6|CONSTRUCTION OF 2 TEACHER HOUSES AT KANGILA EDUCATION CHIZOBO CONSTRUCTION OF A ROMAN CATHOLIC CHURCH IN|0|native
PROPOSED-PROJECTS-MAZ-CENTRAL..pdf|2025|Mazabuka Central|approved|7|KANGILA RELIGIOUS CHIZOBO|0|native
PROPOSED-PROJECTS-MAZ-CENTRAL..pdf|2025|Mazabuka Central|approved|8|CONSTRUCTION OF AN SDA CHURCH RELIGIOUS CHIZOBO CONSTRUCTION OF A NEW APOSTOLIC CHURCH AT|0|native
CDF-2025-APPROVED-COMMUNITY-PROJECT-MAZABUKA-CENTRAL.pdf|2025|Mazabuka Central|approved|8|EDUCATIONN LUBOMBO MAGOBO PRIMARY SCHOOL 20251 CONSTRUCTION OF WDC AND MAZABUKA|0|ocr
PROPOSED-PROJECTS-MAZ-CENTRAL..pdf|2025|Mazabuka Central|approved|9|SIKALOZIA RELIGIOUS CHIZOBO BUYING ROOFING MATERIALS FOR THE CHURCH|0|native
CDF-2025-APPROVED-COMMUNITY-PROJECT-MAZABUKA-CENTRAL.pdf|2025|Mazabuka Central|approved|9|GOVERNANCE COUNCILLORS' OFFICE CENTRAL 20251 DRILLING AND EQUIPPING OF 9 WITH WATER AND MAZABUKA|0|ocr
PROPOSED-PROJECTS-MAZ-CENTRAL..pdf|2025|Mazabuka Central|approved|10|BUILDING AT SIKALOZIA RELIGIOUS CHIZOBO BUYING CHURCH EQUIPMENTS, DRUM BEATS, KEYBOARDS, AMPLIFIER,|0|native
CDF-2025-APPROVED-COMMUNITY-PROJECT-MAZABUKA-CENTRAL.pdf|2025|Mazabuka Central|approved|10|HANDPUMP IN MAZABUKA CENTRAL SANITATION CENTRAL 20251 CONSTRUCTION OF MATERNITY WARD AT MAZBUKA|0|ocr
PROPOSED-PROJECTS-MAZ-CENTRAL..pdf|2025|Mazabuka Central|approved|11|SPEAKERS,MICROPHONES,AND A LAPTOP RELIGIOUS CHIZOBO CONSTRUCTION OF NEW APOSTOLIC CHURCH AT|0|native
CDF-2025-APPROVED-COMMUNITY-PROJECT-MAZABUKA-CENTRAL.pdf|2025|Mazabuka Central|approved|11|MAZABUKA GENERAL HOSPITAL HEALTH CENTRAL 2025/ CONSTRUCTION OF GIRL'S DORMITORY AT|0|ocr
PROPOSED-PROJECTS-MAZ-CENTRAL..pdf|2025|Mazabuka Central|approved|12|KANGILA RELIGIOUS CHIZOBO CONSTRUCTION OF 1X3 CLASSROOM BLOCK AT|0|native
CDF-2025-APPROVED-COMMUNITY-PROJECT-MAZABUKA-CENTRAL.pdf|2025|Mazabuka Central|approved|12|EDUCATION MUGOTO MUNSANGU SECONDARY SCHIOOL 20251 CONSTRUCTION OF A CLASSROOM BLOCK|0|ocr
PROPOSED-PROJECTS-MAZ-CENTRAL..pdf|2025|Mazabuka Central|approved|13|SIKALOZIA EDUCATION CHIZOBO|1|native
CDF-2025-APPROVED-COMMUNITY-PROJECT-MAZABUKA-CENTRAL.pdf|2025|Mazabuka Central|approved|13|EDUCATION MUGOTO AT NEW KASAKA PRIMARY SCHOOL|0|ocr
PROPOSED-PROJECTS-MAZ-CENTRAL..pdf|2025|Mazabuka Central|approved|14|CONSTRUCTION OF 2 TEACHER HOUSES AT SIKALOZIA EDUCATION CHIZOBO WATER AND|1|native
PROPOSED-PROJECTS-MAZ-CENTRAL..pdf|2025|Mazabuka Central|approved|15|CONSTRUCTION OF ABLOTION BLOCKS AT BOMA SANITATION KAONGA CONSTRUCTION OF A WALL FENCE AROUND THE|1|native
PROPOSED-PROJECTS-MAZ-CENTRAL..pdf|2025|Mazabuka Central|approved|16|HOSPITAL HEALTHY KAONGA PROCUREMENT OF PHYSIOTHERAPY EQUIPMENTS AND CONSTRUCTION OF CONCRETE PASSAGE FROM OUT PATIENT TO IN PATIENT ADMISSION BLOCK AT KAONGA|1|native
PROPOSED-PROJECTS-MAZ-CENTRAL..pdf|2025|Mazabuka Central|approved|17|MINI HOSPITAL HEALTHY KAONGA INSTALLATION OF A SOLAR POWERED BOREHOLE IN|1|native
PROPOSED-PROJECTS-MAZ-CENTRAL..pdf|2025|Mazabuka Central|approved|18|CHILALA WATER KAONGA CONSTRUCTION OF 1X3 CLASSROOM BLOCK AT|1|native
PROPOSED-PROJECTS-MAZ-CENTRAL..pdf|2025|Mazabuka Central|approved|19|CHANGA CHANGA PRIMARY SCHOOL EDUCATION KAONGA CONSTRUCTION OF RIVERFORD INNOVATION AND SKILL|1|native
PROPOSED-PROJECTS-MAZ-CENTRAL..pdf|2025|Mazabuka Central|approved|20|TRAINING CENTER AT MAZABUKA BUS STOP EDUCATION KAONGA INSATALLATION OF SOLAR LIGHTS AT MAZABUKA RADIO|1|native
PROPOSED-PROJECTS-MAZ-CENTRAL..pdf|2025|Mazabuka Central|approved|21|STATION INFRASTRUCTURE KAONGA REHABILITATION OF KAONGA PRIMARY SCHOOL AND|1|native
PROPOSED-PROJECTS-MAZ-CENTRAL..pdf|2025|Mazabuka Central|approved|22|CONSTRUCTION OF WALL FENCE AT KAONGA PRIMARY EDUCATION KAONGA|1|native
PROPOSED-PROJECTS-MAZ-CENTRAL..pdf|2025|Mazabuka Central|approved|23|ROAD REHABILITATION AT BEAN ROAD ROADS KAONGA CONSTRUCTION OF TOILET FACILITIES AT NAMULONGA|1|native
PROPOSED-PROJECTS-MAZ-CENTRAL..pdf|2025|Mazabuka Central|approved|24|PRIMARY SCHOOL EDUCATION KAONGA|1|native
PROPOSED-PROJECTS-MAZ-CENTRAL..pdf|2025|Mazabuka Central|approved|25|DRILLING OF 24 BOREHOLES AT LUBOMBO WATER LUBOMBO INSTALLATION OF IMPUTS AND IRRIGATION SYSTEM|1|native
PROPOSED-PROJECTS-MAZ-CENTRAL..pdf|2025|Mazabuka Central|approved|26|WATER SUPPLY AT MUNSIANGU WATER MUGOTO CONSTRUCTION OF STAFF HOUSES AND TOILETS AT|1|native
PROPOSED-PROJECTS-MAZ-CENTRAL..pdf|2025|Mazabuka Central|approved|27|MUGOTO EDUCATION MUGOTO|1|native
PROPOSED-PROJECTS-MAZ-CENTRAL..pdf|2025|Mazabuka Central|approved|28|CONSTRUCTION OF A FOOT BRIDGE AT KIACHEMBELE ROADS MUGOTO CONSTRUCTION OF 1X3 CLASSROOM BLOCK AT|1|native
PROPOSED-PROJECTS-MAZ-CENTRAL..pdf|2025|Mazabuka Central|approved|29|CHAKOLA COMMUNITY SCHOOL EDUCATION MUGOTO CONSTRUCTION OF EDUCATION DORMITORIES FOR|2|native
PROPOSED-PROJECTS-MAZ-CENTRAL..pdf|2025|Mazabuka Central|approved|30|GIRLS AT MUNSANGU EDUCATION MUGOTO|2|native
PROPOSED-PROJECTS-MAZ-CENTRAL..pdf|2025|Mazabuka Central|approved|31|IRRIGATION FARMING AT CHAKOLA WATER MUGOTO|2|native
PROPOSED-PROJECTS-MAZ-CENTRAL..pdf|2025|Mazabuka Central|approved|32|IRRIGATION FARMING AT MAFWELE WATER MUGOTO|2|native
PROPOSED-PROJECTS-MAZ-CENTRAL..pdf|2025|Mazabuka Central|approved|33|IRRIGATION SYSTEM FOR AGRICULTURE WATER MUGOTO|2|native
PROPOSED-PROJECTS-MAZ-CENTRAL..pdf|2025|Mazabuka Central|approved|34|CONSTRUCTION OF A FISH POND AT MISALE WATER NAKAMBALA|2|native
PROPOSED-PROJECTS-MAZ-CENTRAL..pdf|2025|Mazabuka Central|approved|35|CONSTRUCTION OF A SCHOOL AT MISALE EDUCATION NAKAMBALA|2|native
PROPOSED-PROJECTS-MAZ-CENTRAL..pdf|2025|Mazabuka Central|approved|36|CONSTRUCTION OF A CLINIC AT NJOMONA COMMUNITY HEALTH NAKAMBALA|2|native
PROPOSED-PROJECTS-MAZ-CENTRAL..pdf|2025|Mazabuka Central|approved|37|PROCUREMENT OF 100 DESKS AT NJOMONA EDUCATION NAKAMBALA|2|native
PROPOSED-PROJECTS-MAZ-CENTRAL..pdf|2025|Mazabuka Central|approved|38|PROCUREMENT OF A HAMMER MEAL IN MISALE MARKETING NAKAMBALA|2|native
PROPOSED-PROJECTS-MAZ-CENTRAL..pdf|2025|Mazabuka Central|approved|39|CONSTRUCTION OF A DAM WATER NEGA-NEGA CONSTRUCTION OF A KITCHEN FOR BOARDING WITH ALL THE NECESSARY FITTINGS INCLUDING ELECTRICAL POTS, WATER BORNE TOILETS AND STAFF HOUSES AT|2|native
PROPOSED-PROJECTS-MAZ-CENTRAL..pdf|2025|Mazabuka Central|approved|40|NANGA SECONDARY SCHOOL EDUCATION NEGA-NEGA|2|native
PROPOSED-PROJECTS-MAZ-CENTRAL..pdf|2025|Mazabuka Central|approved|41|CONSTRUCTION OF A TRADING SHELTER MARKETING NEGA-NEGA|2|native
PROPOSED-PROJECTS-MAZ-CENTRAL..pdf|2025|Mazabuka Central|approved|42|CONSTRUCTION OF 1X6 CLASSROOM BLOCK EDUCATION SIYOWI DRILLING OF 10 BOREHOLES AT ZIAH RESEARCH, NGOMA, SIYOWI, CHIZIKA,MYOONO AND KALAMBA|2|native
PROPOSED-PROJECTS-MAZ-CENTRAL..pdf|2025|Mazabuka Central|approved|43|BAKALI WATER SIYOWI CONSTRUCTION OF A STAFF HOUSE AT ZIAH RESEARCH,|2|native
PROPOSED-PROJECTS-MAZ-CENTRAL..pdf|2025|Mazabuka Central|approved|44|NGOMA, SIYOWI AND CHIZIKA EDUCATION SIYOWI|2|native
PROPOSED-PROJECTS-MAZ-CENTRAL..pdf|2025|Mazabuka Central|approved|45|CONSTRUTION OF A WDC AND COUNCILLORS OFFICE GOVERNANCE MAZABUKA CENTRAL CONSTRUCTION OF A MATERNITY WARD AT MAZABUKA|3|native
PROPOSED-PROJECTS-MAZ-CENTRAL..pdf|2025|Mazabuka Central|approved|46|GENERAL HOSPITAL HEALTH MAZABUKA CENTRAL DRILLING AND EQQUIPPING OF 9 BOREHOLES IN|3|native
PROPOSED-PROJECTS-MAZ-CENTRAL..pdf|2025|Mazabuka Central|approved|47|MAZABUKA CENTRAL WATER MAZABUKA CENTRAL CONSTRUCTION OF A WALL FENCE AT NAKABALA|3|native
PROPOSED-PROJECTS-MAZ-CENTRAL..pdf|2025|Mazabuka Central|approved|48|SCHOOL EDUCATION NAKAMBALA CONSTRUCTION OF A STAFF HOUSE AT MAGOBO|3|native
PROPOSED-PROJECTS-MAZ-CENTRAL..pdf|2025|Mazabuka Central|approved|49|PRIMARY SCHOOL EDUCATION LUBOMBO|3|native
PROPOSED-PROJECTS-MAZ-CENTRAL..pdf|2025|Mazabuka Central|approved|50|CONSTRUCTION OF NEW KASAKA PRIMARY SCHOOL EDUCATION MUGOTO|3|native
CDF-2025-APPROVED-COMMUNITY-PROJECT-MAZABUKA-CENTRAL.pdf|2025|Mazabuka Central|approved|202|51 CONSTRUCTION OF FOOTBRIDGE AT 14 ROADS MUGOTO KACHEMBELE COMMUNITY 20251 CONSTRUCTION OF WALL FENCE AT 15 EDUCATIONN NAKAMBALA NAKAMBALA SCHOOL 20251 COMFLETION OF A STANDARD 16 KITCHENIDINNINC FOR HIGH SCHOOLS EDUCATIONN NEGA NECA NANGA SECONDARY SCHOOL 20251 CONSTRUCTION OF A MARKET SHELTER AT 17 MARKETS NEGA NECA NEGA-NEGA MARKET 20251 CONSTRUCTION OF STAFF HOUSE AT EDUCATION SIYOWI 18 20251 SIYOWI PRIMARY SCHOOL MUD DRILLING OF 5 BOREHOLES AND WATER AND 19 EQUIPPING WITH HANDPUMPS IN SIYOWI SIYOWI SANITATION 20251 WARD ` :~ = ; n8 . 'GETown CLERK Juckibh MMukwita Maerbo R.omRZABJ8022 , Twn Clerk -|0|ocr
CDF-2025-UNAPPROVED-COMMUNITY-PROJECT-MAZ-CENTRAL.pdf|2025|Mazabuka Central|unapproved|1|CONSTRUCTION OF ABLOTION BLOCKS AT BOMA SANITATION KAONGA INSUFFICIENT FUNDS|0|native
CDF-2025-UNAPPROVED-PROJECTS-MAZABUKA-CENTRAL-CONSTITUENCY.pdf|2025|Mazabuka Central|unapproved|1|1 Of ZAMBIA CDF 2025 UNAPPROVED PROJECTS-MAZABUKA CENTRAL CONSTITUENCY SECTOR WARD REASON No: PROJECT DESCRIPTION CONSTRUCTION OF STAFF HOUSE HEALTH HEALTH CHIZOBO INSUFFICIENT FUNDS AT KANGILA CONSTRUCTION OF LUKATA SALVATION RELIGIOUS CHIZOBO INSUFFICIENT FUNDS ARMY AT SIKALOZIA IREHABILITATION OF CLINIC AND THE INSUFFICIENT FUNDS HEALTH CHIZOBO CONSTRUCTION OF 2 STAFF HOUSES IINSTALLATION OF A WIRE FENCE AT DIMBA INSUFFICIENT FUNDS HEALTH CHIZOBO CLINIC CONSTRUCTION OF A ROMAN CATHOLIC RELIGIOUS CHIZOBO INSUFFICIENT FUNDS CHURCH IN KANGILA RELIGIOUS CHIZOBO INSUFFICIENT FUNDS CONSTRUCTION OF_AN SDA CHURCH CONSTRUCTION OF A NEW APOSTOLIC RELIGIOUS CHIZOBO INSUFFICIENT FUNDS CHURCH AT SIKALOZIA BUYING ROOFING MATERIALS FOR THE INSUFFICIENT FUNDS_ RELIGIOUS CHIZOBO CHURCH BUILDING AT SIKALOZIA BUYING CHURCH EQUIPMENTS; DRUM BEATS, KEYBOARDS, AMPLIFIER, INSUFFICIENT FUNDS RELIGIOUS CHIZOBO SPEAKERS MICROPHONES AND A LAPTOP CONSTRUCTION OF NEW APOSTOLIC RELIGIOUS CHIZOBO INSUFFICIENT FUNDS|0|ocr
CDF-2025-UNAPPROVED-COMMUNITY-PROJECT-MAZ-CENTRAL.pdf|2025|Mazabuka Central|unapproved|2|CONSTRUCTION OF A WALL FENCE AROUND THE HOSPITAL HEALTHY KAONGA INSUFFICIENT FUNDS INSTALLATION OF A SOLAR POWERED BOREHOLE IN|0|native
CDF-2025-UNAPPROVED-COMMUNITY-PROJECT-MAZ-CENTRAL.pdf|2025|Mazabuka Central|unapproved|3|CHILALA WATER KAONGA INSUFFICIENT FUNDS CONSTRUCTION OF 1X3 CLASSROOM BLOCK AT CHANGA|0|native
CDF-2025-UNAPPROVED-COMMUNITY-PROJECT-MAZ-CENTRAL.pdf|2025|Mazabuka Central|unapproved|4|CHANGA PRIMARY SCHOOL EDUCATION KAONGA INSUFFICIENT FUNDS CONSTRUCTION OF RIVERFORD INNOVATION AND SKILL|0|native
CDF-2025-UNAPPROVED-COMMUNITY-PROJECT-MAZ-CENTRAL.pdf|2025|Mazabuka Central|unapproved|5|TRAINING CENTER AT MAZABUKA BUS STOP EDUCATION KAONGA INSUFFICIENT FUNDS INSATALLATION OF SOLAR LIGHTS AT MAZABUKA RADIO|0|native
CDF-2025-UNAPPROVED-COMMUNITY-PROJECT-MAZ-CENTRAL.pdf|2025|Mazabuka Central|unapproved|6|STATION INFRASTRUCTURE KAONGA INSUFFICIENT FUNDS|0|native
CDF-2025-UNAPPROVED-COMMUNITY-PROJECT-MAZ-CENTRAL.pdf|2025|Mazabuka Central|unapproved|7|ROAD REHABILITATION AT BEAN ROAD ROADS KAONGA INSUFFICIENT FUNDS CONSTRUCTION OF TOILET FACILITIES AT NAMULONGA|0|native
CDF-2025-UNAPPROVED-COMMUNITY-PROJECT-MAZ-CENTRAL.pdf|2025|Mazabuka Central|unapproved|8|PRIMARY SCHOOL EDUCATION KAONGA INSUFFICIENT FUNDS INSTALLATION OF IMPUTS AND IRRIGATION SYSTEM WATER|0|native
CDF-2025-UNAPPROVED-COMMUNITY-PROJECT-MAZ-CENTRAL.pdf|2025|Mazabuka Central|unapproved|9|SUPPLY AT MUNSIANGU WATER MUGOTO INSUFFICIENT FUNDS CONSTRUCTION OF STAFF HOUSES AND TOILETS AT|0|native
CDF-2025-UNAPPROVED-COMMUNITY-PROJECT-MAZ-CENTRAL.pdf|2025|Mazabuka Central|unapproved|10|MUGOTO EDUCATION MUGOTO INSUFFICIENT FUNDS CONSTRUCTION OF 1X3 CLASSROOM BLOCK AT CHAKOLA|0|native
CDF-2025-UNAPPROVED-PROJECTS-MAZABUKA-CENTRAL-CONSTITUENCY.pdf|2025|Mazabuka Central|unapproved|10|CHURCH AT KANGILA CONSTRUCTION OF 1X3 CLASSROOM lINSUFFICIENT FUNDS EDUCATION CHIZOBO BLOCK AT SIKALOZIA CONSTRUCTION OF 2 TEACHER HOUSES AT INSUFFICIENT FUNDS EDUCATION CHIZOBO|0|ocr
CDF-2025-UNAPPROVED-COMMUNITY-PROJECT-MAZ-CENTRAL.pdf|2025|Mazabuka Central|unapproved|11|COMMUNITY SCHOOL EDUCATION MUGOTO INSUFFICIENT FUNDS|0|native
CDF-2025-UNAPPROVED-COMMUNITY-PROJECT-MAZ-CENTRAL.pdf|2025|Mazabuka Central|unapproved|12|CONSTRUCTION OF LUKATA SALVATION ARMY AT SIKALOZIA RELIGIOUS CHIZOBO INSUFFICIENT FUNDS REHABILITATION OF CLINIC AND THE CONSTRUCTION OF 2|0|native
CDF-2025-UNAPPROVED-PROJECTS-MAZABUKA-CENTRAL-CONSTITUENCY.pdf|2025|Mazabuka Central|unapproved|12|SIKALOZIA CONSTRUCTION OF ABLOTION BLOCKS AT WATER AND SANITATION KAONGA INSUFFICIENT FUNDS|0|ocr
CDF-2025-UNAPPROVED-COMMUNITY-PROJECT-MAZ-CENTRAL.pdf|2025|Mazabuka Central|unapproved|13|STAFF HOUSES HEALTH CHIZOBO INSUFFICIENT FUNDS|0|native
CDF-2025-UNAPPROVED-PROJECTS-MAZABUKA-CENTRAL-CONSTITUENCY.pdf|2025|Mazabuka Central|unapproved|13|BOMA CONSTRUCTION OF A WALL FENCE JINSUFFICIENT FUNDS_ HEALTHY KAONGA|1|ocr
CDF-2025-UNAPPROVED-COMMUNITY-PROJECT-MAZ-CENTRAL.pdf|2025|Mazabuka Central|unapproved|14|INSTALLATION OF A WIRE FENCE AT DIMBA CLINIC HEALTH CHIZOBO INSUFFICIENT FUNDS|0|native
CDF-2025-UNAPPROVED-PROJECTS-MAZABUKA-CENTRAL-CONSTITUENCY.pdf|2025|Mazabuka Central|unapproved|14|AROUND THE HOSPITAL lInSTALLATION OF A SOLAR POWERED INSUFFICIENT FUNDS_ WATER KAONGA|1|ocr
CDF-2025-UNAPPROVED-COMMUNITY-PROJECT-MAZ-CENTRAL.pdf|2025|Mazabuka Central|unapproved|15|CONSTRUCTION OF 2 TEACHER HOUSES AT KANGILA EDUCATION CHIZOBO INSUFFICIENT FUNDS CONSTRUCTION OF A ROMAN CATHOLIC CHURCH IN|0|native
CDF-2025-UNAPPROVED-PROJECTS-MAZABUKA-CENTRAL-CONSTITUENCY.pdf|2025|Mazabuka Central|unapproved|15|BOREHOLE IN CHILALA CONSTRUCTION OF 1X3 CLASSROOM BLOCK AT CHANGA CHANGA PRIMARY EDUCATION KAONGA INSUFFICIENT FUNDS|1|ocr
CDF-2025-UNAPPROVED-COMMUNITY-PROJECT-MAZ-CENTRAL.pdf|2025|Mazabuka Central|unapproved|16|KANGILA RELIGIOUS CHIZOBO INSUFFICIENT FUNDS|0|native
CDF-2025-UNAPPROVED-PROJECTS-MAZABUKA-CENTRAL-CONSTITUENCY.pdf|2025|Mazabuka Central|unapproved|16|SCHOOL CONSTRUCTION OF RIVERFORD INNOVATION AND SKILL TRAINING CENTER AT MAZABUKA BUS STOP EDUCATION KAONGA INSUFFICIENT FUNDS 17 INSATALLATION OF SOLAR LIGHTS AT INFRASTRUCT|1|ocr
CDF-2025-UNAPPROVED-COMMUNITY-PROJECT-MAZ-CENTRAL.pdf|2025|Mazabuka Central|unapproved|17|CONSTRUCTION OF AN SDA CHURCH RELIGIOUS CHIZOBO INSUFFICIENT FUNDS CONSTRUCTION OF A NEW APOSTOLIC CHURCH AT|0|native
CDF-2025-UNAPPROVED-COMMUNITY-PROJECT-MAZ-CENTRAL.pdf|2025|Mazabuka Central|unapproved|18|SIKALOZIA RELIGIOUS CHIZOBO INSUFFICIENT FUNDS BUYING ROOFING MATERIALS FOR THE CHURCH BUILDING|0|native
CDF-2025-UNAPPROVED-PROJECTS-MAZABUKA-CENTRAL-CONSTITUENCY.pdf|2025|Mazabuka Central|unapproved|18|MAZABUKA RADIO STATION URE KAONGA INSUFFICIENT FUNDS RQAD REHABILITATION AT BEAN ROAD ROADS KAONGA INSUFFICIENT FUNDS 19 CONSTRUCTION OF TOILET FACILITIES AT NAMULONGA PRIMARY SCHOOL EDUCATION KAONGA IINSUFFICIENT FUNDS 20 JInSTALLATION OF IMPUTS AND IRRIGATION SYSTEM WATER SUPPLY AT MUNSIANGU WATER MUGOTO lInSUFFICIENT FUNDS 21 CONSTRUCTION OF STAFF HOUSES AND TOILETS AT MUGOTO EDUCATION MUGOTO INSUFFICIENT FUNDS 22 CONSTRUCTION OF 1X3 CLASSROOM BLOCK AT CHAKOLA COMMUNITY SCHOOL EDUCATION MUGOTO INSUFFICIENT FUNDS 23|1|ocr
CDF-2025-UNAPPROVED-COMMUNITY-PROJECT-MAZ-CENTRAL.pdf|2025|Mazabuka Central|unapproved|19|AT SIKALOZIA RELIGIOUS CHIZOBO INSUFFICIENT FUNDS PROCUREMENT OF CHURCH EQUIPMENT, DRUM BEATS, KEYBOARDS, AMPLIFIER, SPEAKERS,MICROPHONES,AND A|0|native
CDF-2025-UNAPPROVED-COMMUNITY-PROJECT-MAZ-CENTRAL.pdf|2025|Mazabuka Central|unapproved|20|LAPTOP RELIGIOUS CHIZOBO INSUFFICIENT FUNDS|0|native
CDF-2025-UNAPPROVED-COMMUNITY-PROJECT-MAZ-CENTRAL.pdf|2025|Mazabuka Central|unapproved|21|CONSTRUCTION OF NEW APOSTOLIC CHURCH AT KANGILA RELIGIOUS CHIZOBO INSUFFICIENT FUNDS|0|native
CDF-2025-UNAPPROVED-COMMUNITY-PROJECT-MAZ-CENTRAL.pdf|2025|Mazabuka Central|unapproved|22|CONSTRUCTION OF 1X3 CLASSROOM BLOCK AT SIKALOZIA EDUCATION CHIZOBO INSUFFICIENT FUNDS|0|native
CDF-2025-UNAPPROVED-COMMUNITY-PROJECT-MAZ-CENTRAL.pdf|2025|Mazabuka Central|unapproved|23|CONSTRUCTION OF 2 TEACHER HOUSES AT SIKALOZIA EDUCATION CHIZOBO INSUFFICIENT FUNDS|1|native
CDF-2025-UNAPPROVED-COMMUNITY-PROJECT-MAZ-CENTRAL.pdf|2025|Mazabuka Central|unapproved|24|IRRIGATION FARMING AT MAFWELE WATER MUGOTO INSUFFICIENT FUNDS|1|native
CDF-2025-UNAPPROVED-PROJECTS-MAZABUKA-CENTRAL-CONSTITUENCY.pdf|2025|Mazabuka Central|unapproved|24|IRRIGATION FARMING AT MAFWELE WATER MUGOTO HINSUFFICIENT FUNDS IRRIGATION FARMING AT MAFWELE WATER MUGOTO INSUFFICIENT FUNDS 25 IRRIGATION SYSTEM FOR AGRICULTURE WATER MUGOTO INSUFFICIENT FUNDS 26 CONSTRUCTION QF A FISH POND AT MISALE WATER NAKAMBALA INSUFFICIENT FUNDS 27 CONSTRUCTION OF A SCHOOLAT MISALE EDUCATION NAKAMBALA INSUFFICIENT FUNDS 28 CONSTRUCTION OF A CLINIC AT NJOMONA COMMUNITY HEALTH NAKAMBALA INSUFFICIENT FUNDS 29 PROCUREMENT OF 100 DESKS AT EDUCATION NAKAMBALA INSUFFICIENT FUNDS_|1|ocr
CDF-2025-UNAPPROVED-COMMUNITY-PROJECT-MAZ-CENTRAL.pdf|2025|Mazabuka Central|unapproved|25|CONSTRUCTION OF 1X6 CLASSROOM BLOCK EDUCATION SIYOWI INSUFFICIENT FUNDS DRILLING OF 10 BOREHOLES AT ZIAH RESEARCH, NGOMA,|1|native
CDF-2025-UNAPPROVED-COMMUNITY-PROJECT-MAZ-CENTRAL.pdf|2025|Mazabuka Central|unapproved|26|SIYOWI, CHIZIKA,MYOONO AND KALAMBA BAKALI WATER SIYOWI INSUFFICIENT FUNDS|1|native
CDF-2025-UNAPPROVED-COMMUNITY-PROJECT-MAZ-CENTRAL.pdf|2025|Mazabuka Central|unapproved|27|CONSTRUCTION OF A DAM WATER NEGA-NEGA INSUFFICIENT FUNDS|1|native
CDF-2025-UNAPPROVED-COMMUNITY-PROJECT-MAZ-CENTRAL.pdf|2025|Mazabuka Central|unapproved|28|CONSTRUCTION OF A TRADING SHELTER MARKETING NEGA-NEGA INSUFFICIENT FUNDS|1|native
CDF-2025-UNAPPROVED-COMMUNITY-PROJECT-MAZ-CENTRAL.pdf|2025|Mazabuka Central|unapproved|29|CONSTRUCTION OF A SCHOOL AT MISALE EDUCATION NAKAMBALA WARD INSUFFICIENT FUNDS|1|native
CDF-2025-UNAPPROVED-COMMUNITY-PROJECT-MAZ-CENTRAL.pdf|2025|Mazabuka Central|unapproved|30|CONSTRUCTION OF A CLINIC AT NJOMONA COMMUNITY HEALTH NAKAMBALA WARD INSUFFICIENT FUNDS|1|native
CDF-2025-UNAPPROVED-COMMUNITY-PROJECT-MAZ-CENTRAL.pdf|2025|Mazabuka Central|unapproved|31|CONSTRUCTION OF A FISH POND AT MISALE WATER NAKAMBALA WARD INSUFFICIENT FUNDS|1|native
CDF-2025-UNAPPROVED-COMMUNITY-PROJECT-MAZ-CENTRAL.pdf|2025|Mazabuka Central|unapproved|32|PROCUREMENT OF 100 DESKS AT NJOMONA EDUCATION NAKAMBALA WARD INSUFFICIENT FUNDS|1|native
CDF-2025-UNAPPROVED-COMMUNITY-PROJECT-MAZ-CENTRAL.pdf|2025|Mazabuka Central|unapproved|33|PROCUREMENT OF A HAMMER MEAL IN MISALE MARKETING NAKAMBALA WARD INSUFFICIENT FUNDS|1|native
CDF-2025-UNAPPROVED-COMMUNITY-PROJECT-MAZ-CENTRAL.pdf|2025|Mazabuka Central|unapproved|34|IRRIGATION FARMING AT MAFWELE WATER MUGOTO INSUFFICIENT FUNDS|1|native
CDF-2025-UNAPPROVED-COMMUNITY-PROJECT-MAZ-CENTRAL.pdf|2025|Mazabuka Central|unapproved|35|IRRIGATION SYSTEM FOR AGRICULTURE WATER MUGOTO INSUFFICIENT FUNDS|1|native
CDF-2025-UNAPPROVED-PROJECTS-MAZABUKA-CENTRAL-CONSTITUENCY.pdf|2025|Mazabuka Central|unapproved|330|"NJOMONA PROCUREMENT OF A HAMMER MEAL IN 31 IMISALE MARKETING NAKAMBALA INSUFFICIENT FUNDS 32 CONSTRUCTION OF A DAM WATER NEGA-NEGA INSUFFICIENT FUNDS STto"" 1e 6~ C Slm Mukwila Maambo Towon Cerk V "". . 3ThEtow CLERK P.o. BCX <78022 , MAZADTKA"|2|ocr
CDF-2026-UNAPPROVED-LIST-OF-COMMUNITY-PROJECTS-MAZABUKA-CENTRAL-CONSTITUENCY.pdf|2026|Mazabuka Central|unapproved|1|MATERNETY ANNEX CHIZOBO CLASS ROOM BLOCK CHIZOBO STAFF HOUSE AND ABULUTION BLOCK AT SIKALOZIA|0|native
CDF-2026-UNAPPROVED-LIST-OF-COMMUNITY-PROJECTS-MAZABUKA-CENTRAL-CONSTITUENCY.pdf|2026|Mazabuka Central|unapproved|2|CHIZOBO SCHOOL|0|native
CDF-2026-UNAPPROVED-LIST-OF-COMMUNITY-PROJECTS-MAZABUKA-CENTRAL-CONSTITUENCY.pdf|2026|Mazabuka Central|unapproved|3|FENCING THE ORCHARD NAKAMBALA|0|native
CDF-2026-UNAPPROVED-LIST-OF-COMMUNITY-PROJECTS-MAZABUKA-CENTRAL-CONSTITUENCY.pdf|2026|Mazabuka Central|unapproved|4|NAKAMBALA BOREHORE|0|native
CDF-2026-UNAPPROVED-LIST-OF-COMMUNITY-PROJECTS-MAZABUKA-CENTRAL-CONSTITUENCY.pdf|2026|Mazabuka Central|unapproved|5|WALL FENCE NAKAMBALA|0|native
CDF-2026-UNAPPROVED-LIST-OF-COMMUNITY-PROJECTS-MAZABUKA-CENTRAL-CONSTITUENCY.pdf|2026|Mazabuka Central|unapproved|6|POLICE POST NEGA NEGA|0|native
CDF-2026-UNAPPROVED-LIST-OF-COMMUNITY-PROJECTS-MAZABUKA-CENTRAL-CONSTITUENCY.pdf|2026|Mazabuka Central|unapproved|7|1X3 CLASSROOM BLOCK NEGA NEGA|0|native
CDF-2026-UNAPPROVED-LIST-OF-COMMUNITY-PROJECTS-MAZABUKA-CENTRAL-CONSTITUENCY.pdf|2026|Mazabuka Central|unapproved|8|CHURCH BENNIEMWIINGA|0|native
CDF-2026-UNAPPROVED-LIST-OF-COMMUNITY-PROJECTS-MAZABUKA-CENTRAL-CONSTITUENCY.pdf|2026|Mazabuka Central|unapproved|9|1X2 CLASSROOM BLOCK BENNIEMWIINGA|0|native
CDF-2026-UNAPPROVED-LIST-OF-COMMUNITY-PROJECTS-MAZABUKA-CENTRAL-CONSTITUENCY.pdf|2026|Mazabuka Central|unapproved|10|MATERNETY ANNEX BENNIEMWIINGA|0|native
CDF-2026-UNAPPROVED-LIST-OF-COMMUNITY-PROJECTS-MAZABUKA-CENTRAL-CONSTITUENCY.pdf|2026|Mazabuka Central|unapproved|11|1X3 CLASSROOM BLOCK AND A FOOT BRIDGE BENNIEMWIINGA|0|native
CDF-2026-UNAPPROVED-LIST-OF-COMMUNITY-PROJECTS-MAZABUKA-CENTRAL-CONSTITUENCY.pdf|2026|Mazabuka Central|unapproved|12|MECHANISED BOREHOLE BENNIEMWIINGA|0|native
CDF-2026-UNAPPROVED-LIST-OF-COMMUNITY-PROJECTS-MAZABUKA-CENTRAL-CONSTITUENCY.pdf|2026|Mazabuka Central|unapproved|13|MULTIPURPOSE SCHOOL HALL KAONGA 14 TOOLS AND GENSET KAONGA 15 POLICE POST KAONGA|0|native
CDF-2026-UNAPPROVED-LIST-OF-COMMUNITY-PROJECTS-MAZABUKA-CENTRAL-CONSTITUENCY.pdf|2026|Mazabuka Central|unapproved|16|ROAD WORKS AND STREET LIGHTS MOUNTING KAONGA|0|native
CDF-2026-UNAPPROVED-LIST-OF-COMMUNITY-PROJECTS-MAZABUKA-CENTRAL-CONSTITUENCY.pdf|2026|Mazabuka Central|unapproved|17|BOHOLE KAONGA|0|native
CDF-2026-UNAPPROVED-LIST-OF-COMMUNITY-PROJECTS-MAZABUKA-CENTRAL-CONSTITUENCY.pdf|2026|Mazabuka Central|unapproved|18|WALL FENCE/ WASHING MACHINE KAONGA|0|native
CDF-2026-UNAPPROVED-LIST-OF-COMMUNITY-PROJECTS-MAZABUKA-CENTRAL-CONSTITUENCY.pdf|2026|Mazabuka Central|unapproved|19|BOHOLE KAONGA|0|native
CDF-2026-UNAPPROVED-LIST-OF-COMMUNITY-PROJECTS-MAZABUKA-CENTRAL-CONSTITUENCY.pdf|2026|Mazabuka Central|unapproved|20|BOHOLE SIYOWI|0|native
CDF-2026-UNAPPROVED-LIST-OF-COMMUNITY-PROJECTS-MAZABUKA-CENTRAL-CONSTITUENCY.pdf|2026|Mazabuka Central|unapproved|21|1X3 CLASSROOM SIYOWI|1|native
CDF-2026-UNAPPROVED-LIST-OF-COMMUNITY-PROJECTS-MAZABUKA-CENTRAL-CONSTITUENCY.pdf|2026|Mazabuka Central|unapproved|22|BOHOLE SIYOWI|1|native
CDF-2026-UNAPPROVED-LIST-OF-COMMUNITY-PROJECTS-MAZABUKA-CENTRAL-CONSTITUENCY.pdf|2026|Mazabuka Central|unapproved|23|BOHOLE SIYOWI|1|native
CDF-2026-UNAPPROVED-LIST-OF-COMMUNITY-PROJECTS-MAZABUKA-CENTRAL-CONSTITUENCY.pdf|2026|Mazabuka Central|unapproved|24|BOHOLE SIYOWI|1|native
CDF-2026-UNAPPROVED-LIST-OF-COMMUNITY-PROJECTS-MAZABUKA-CENTRAL-CONSTITUENCY.pdf|2026|Mazabuka Central|unapproved|25|BOHOLE SIYOWI|1|native
CDF-2026-UNAPPROVED-LIST-OF-COMMUNITY-PROJECTS-MAZABUKA-CENTRAL-CONSTITUENCY.pdf|2026|Mazabuka Central|unapproved|26|SPRAYLESS SIYOWI|1|native
CDF-2026-UNAPPROVED-LIST-OF-COMMUNITY-PROJECTS-MAZABUKA-CENTRAL-CONSTITUENCY.pdf|2026|Mazabuka Central|unapproved|27|MATERNETY ANNEX, 1X3 STUFF HOUSES SIYOWI|1|native
CDF-2026-UNAPPROVED-LIST-OF-COMMUNITY-PROJECTS-MAZABUKA-CENTRAL-CONSTITUENCY.pdf|2026|Mazabuka Central|unapproved|28|STUFF HOUSES 1X2 SIYOWI|1|native
CDF-2026-UNAPPROVED-LIST-OF-COMMUNITY-PROJECTS-MAZABUKA-CENTRAL-CONSTITUENCY.pdf|2026|Mazabuka Central|unapproved|29|COMMUNITY HALL MUGOTO|1|native
CDF-2026-UNAPPROVED-LIST-OF-COMMUNITY-PROJECTS-MAZABUKA-CENTRAL-CONSTITUENCY.pdf|2026|Mazabuka Central|unapproved|30|BOREHOLE MUGOTO|1|native
CDF-2026-UNAPPROVED-LIST-OF-COMMUNITY-PROJECTS-MAZABUKA-CENTRAL-CONSTITUENCY.pdf|2026|Mazabuka Central|unapproved|31|BOREHOLE MUGOTO|1|native
CDF-2026-UNAPPROVED-LIST-OF-COMMUNITY-PROJECTS-MAZABUKA-CENTRAL-CONSTITUENCY.pdf|2026|Mazabuka Central|unapproved|32|BOREHOLE MUGOTO|1|native
CDF-2026-UNAPPROVED-LIST-OF-COMMUNITY-PROJECTS-MAZABUKA-CENTRAL-CONSTITUENCY.pdf|2026|Mazabuka Central|unapproved|33|ABLUTION CONSTRUCTION MAZABUKA CENTRAL|1|native
CDF-2026-UNAPPROVED-LIST-OF-COMMUNITY-PROJECTS-MAZABUKA-CENTRAL-CONSTITUENCY.pdf|2026|Mazabuka Central|unapproved|34|ABLUTION CONSTRUCTION MAZABUKA CENTRAL|1|native
CDF-2026-UNAPPROVED-LIST-OF-COMMUNITY-PROJECTS-MAZABUKA-CENTRAL-CONSTITUENCY.pdf|2026|Mazabuka Central|unapproved|35|ABLUTION CONSTRUCTION MAZABUKA CENTRAL|1|native
CDF-2026-UNAPPROVED-LIST-OF-COMMUNITY-PROJECTS-MAZABUKA-CENTRAL-CONSTITUENCY.pdf|2026|Mazabuka Central|unapproved|36|WALL FENCE COMPLETION MAZABUKA CENTRAL|1|native
CDF-2026-UNAPPROVED-LIST-OF-COMMUNITY-PROJECTS-MAZABUKA-CENTRAL-CONSTITUENCY.pdf|2026|Mazabuka Central|unapproved|37|ABLUTION RENOVATION MAZABUKA CENTRAL|1|native
CDF-2026-UNAPPROVED-LIST-OF-COMMUNITY-PROJECTS-MAZABUKA-CENTRAL-CONSTITUENCY.pdf|2026|Mazabuka Central|unapproved|38|FOOT BRIDGE CONSTRUCTION MAZABUKA CENTRAL|1|native
CDF-2026-UNAPPROVED-LIST-OF-COMMUNITY-PROJECTS-MAZABUKA-CENTRAL-CONSTITUENCY.pdf|2026|Mazabuka Central|unapproved|39|LABORATORY CONSTRUCTION MAZABUKA CENTRAL|1|native
CDF-2026-UNAPPROVED-LIST-OF-COMMUNITY-PROJECTS-MAZABUKA-CENTRAL-CONSTITUENCY.pdf|2026|Mazabuka Central|unapproved|40|LIBRARY CONSTRUCTION MAZABUKA CENTRAL Judith Mukwita Maambo (Mrs)|1|native
