source_file|budget_document_year|category_code|category_name|item_code|item_description|period_year|amount_kwacha
Mazabuka-Municipal-Council-2024-Budget.pdf|2024|01|Local taxes/rates|001|Residential|2024|5339349
Mazabuka-Municipal-Council-2024-Budget.pdf|2024|01|Local taxes/rates|001|Personal levy|2024|128011
Mazabuka-Municipal-Council-2024-Budget.pdf|2024|01|Local taxes/rates|001|Residential|2025|5793194
Mazabuka-Municipal-Council-2024-Budget.pdf|2024|01|Local taxes/rates|001|Personal levy|2025|138892
Mazabuka-Municipal-Council-2024-Budget.pdf|2024|01|Local taxes/rates|001|Residential|2026|6285615
Mazabuka-Municipal-Council-2024-Budget.pdf|2024|01|Local taxes/rates|001|Personal levy|2026|150698
Mazabuka-Municipal-Council-2024-Budget.pdf|2024|01|Local taxes/rates|002|Commercial|2024|3387229
Mazabuka-Municipal-Council-2024-Budget.pdf|2024|01|Local taxes/rates|002|Commercial|2025|3675143
Mazabuka-Municipal-Council-2024-Budget.pdf|2024|01|Local taxes/rates|002|Commercial|2026|3987530
Mazabuka-Municipal-Council-2024-Budget.pdf|2024|01|Local taxes/rates|005|Mining/Plant|2024|396000
Mazabuka-Municipal-Council-2024-Budget.pdf|2024|01|Local taxes/rates|005|Mining/Plant|2025|429660
Mazabuka-Municipal-Council-2024-Budget.pdf|2024|01|Local taxes/rates|005|Mining/Plant|2026|466181
Mazabuka-Municipal-Council-2024-Budget.pdf|2024|02|Fees and Charges|001|Consent fees|2024|12000
Mazabuka-Municipal-Council-2024-Budget.pdf|2024|02|Fees and Charges|001|Consent fees|2025|13020
Mazabuka-Municipal-Council-2024-Budget.pdf|2024|02|Fees and Charges|001|Consent fees|2026|14127
Mazabuka-Municipal-Council-2024-Budget.pdf|2024|02|Fees and Charges|003|Building inspection-fees|2024|428100
Mazabuka-Municipal-Council-2024-Budget.pdf|2024|02|Fees and Charges|003|Building inspection-fees|2025|461489
Mazabuka-Municipal-Council-2024-Budget.pdf|2024|02|Fees and Charges|003|Building inspection-fees|2026|503970
Mazabuka-Municipal-Council-2024-Budget.pdf|2024|02|Fees and Charges|004|Plan scrutiny fee|2024|120000
Mazabuka-Municipal-Council-2024-Budget.pdf|2024|02|Fees and Charges|004|Plan scrutiny fee|2025|130200
Mazabuka-Municipal-Council-2024-Budget.pdf|2024|02|Fees and Charges|004|Plan scrutiny fee|2026|141267
Mazabuka-Municipal-Council-2024-Budget.pdf|2024|02|Fees and Charges|005|Change of premise use|2024|51000
Mazabuka-Municipal-Council-2024-Budget.pdf|2024|02|Fees and Charges|005|Change of premise use|2025|55335
Mazabuka-Municipal-Council-2024-Budget.pdf|2024|02|Fees and Charges|005|Change of premise use|2026|60038
Mazabuka-Municipal-Council-2024-Budget.pdf|2024|02|Fees and Charges|007|Rentals/lease of Council’s properties|2024|481980
Mazabuka-Municipal-Council-2024-Budget.pdf|2024|02|Fees and Charges|007|Rentals/lease of Council’s properties|2025|522948
Mazabuka-Municipal-Council-2024-Budget.pdf|2024|02|Fees and Charges|007|Rentals/lease of Council’s properties|2026|567399
Mazabuka-Municipal-Council-2024-Budget.pdf|2024|02|Fees and Charges|008|Non-Land Application forms fees|2024|11700
Mazabuka-Municipal-Council-2024-Budget.pdf|2024|02|Fees and Charges|008|Non-Land Application forms fees|2025|12695
Mazabuka-Municipal-Council-2024-Budget.pdf|2024|02|Fees and Charges|008|Non-Land Application forms fees|2026|13774
Mazabuka-Municipal-Council-2024-Budget.pdf|2024|02|Fees and Charges|010|Sketch plan|2024|35000
Mazabuka-Municipal-Council-2024-Budget.pdf|2024|02|Fees and Charges|010|Sketch plan|2025|37975
Mazabuka-Municipal-Council-2024-Budget.pdf|2024|02|Fees and Charges|010|Sketch plan|2026|41203
Mazabuka-Municipal-Council-2024-Budget.pdf|2024|02|Fees and Charges|011|Search fees|2024|13500
Mazabuka-Municipal-Council-2024-Budget.pdf|2024|02|Fees and Charges|011|Search fees|2025|14648
Mazabuka-Municipal-Council-2024-Budget.pdf|2024|02|Fees and Charges|011|Search fees|2026|15893
Mazabuka-Municipal-Council-2024-Budget.pdf|2024|02|Fees and Charges|013|Market fees|2024|591980
Mazabuka-Municipal-Council-2024-Budget.pdf|2024|02|Fees and Charges|013|Market fees|2025|642298
Mazabuka-Municipal-Council-2024-Budget.pdf|2024|02|Fees and Charges|013|Market fees|2026|696894
Mazabuka-Municipal-Council-2024-Budget.pdf|2024|02|Fees and Charges|014|Parking fees|2024|193560
Mazabuka-Municipal-Council-2024-Budget.pdf|2024|02|Fees and Charges|014|Parking fees|2025|210013
Mazabuka-Municipal-Council-2024-Budget.pdf|2024|02|Fees and Charges|014|Parking fees|2026|227864
Mazabuka-Municipal-Council-2024-Budget.pdf|2024|02|Fees and Charges|017|Affidavit fees|2024|1000
Mazabuka-Municipal-Council-2024-Budget.pdf|2024|02|Fees and Charges|017|Affidavit fees|2025|1085
Mazabuka-Municipal-Council-2024-Budget.pdf|2024|02|Fees and Charges|017|Affidavit fees|2026|1177
Mazabuka-Municipal-Council-2024-Budget.pdf|2024|02|Fees and Charges|020|Hire of halls|2024|30200
Mazabuka-Municipal-Council-2024-Budget.pdf|2024|02|Fees and Charges|020|Hire of halls|2025|32767
Mazabuka-Municipal-Council-2024-Budget.pdf|2024|02|Fees and Charges|020|Hire of halls|2026|35552
Mazabuka-Municipal-Council-2024-Budget.pdf|2024|02|Fees and Charges|033|Refuse disposal|2024|525330
Mazabuka-Municipal-Council-2024-Budget.pdf|2024|02|Fees and Charges|033|Refuse disposal|2025|569983
Mazabuka-Municipal-Council-2024-Budget.pdf|2024|02|Fees and Charges|033|Refuse disposal|2026|618432
Mazabuka-Municipal-Council-2024-Budget.pdf|2024|02|Fees and Charges|038|Library membership fees|2024|990
Mazabuka-Municipal-Council-2024-Budget.pdf|2024|02|Fees and Charges|038|Library membership fees|2025|1074
Mazabuka-Municipal-Council-2024-Budget.pdf|2024|02|Fees and Charges|038|Library membership fees|2026|1165
Mazabuka-Municipal-Council-2024-Budget.pdf|2024|02|Fees and Charges|045|Notice of marriage fees|2024|65000
Mazabuka-Municipal-Council-2024-Budget.pdf|2024|02|Fees and Charges|045|Notice of marriage fees|2025|70525
Mazabuka-Municipal-Council-2024-Budget.pdf|2024|02|Fees and Charges|045|Notice of marriage fees|2026|76520
Mazabuka-Municipal-Council-2024-Budget.pdf|2024|02|Fees and Charges|047|Registration of clubs and societies|2024|68100
Mazabuka-Municipal-Council-2024-Budget.pdf|2024|02|Fees and Charges|047|Registration of clubs and societies|2025|73889
Mazabuka-Municipal-Council-2024-Budget.pdf|2024|02|Fees and Charges|047|Registration of clubs and societies|2026|80169
Mazabuka-Municipal-Council-2024-Budget.pdf|2024|02|Fees and Charges|051|Farm produce Fee|2024|1101461
Mazabuka-Municipal-Council-2024-Budget.pdf|2024|02|Fees and Charges|051|Farm produce Fee|2025|1195085
Mazabuka-Municipal-Council-2024-Budget.pdf|2024|02|Fees and Charges|051|Farm produce Fee|2026|1296667
Mazabuka-Municipal-Council-2024-Budget.pdf|2024|02|Fees and Charges|053|Certification of documents|2024|3600
Mazabuka-Municipal-Council-2024-Budget.pdf|2024|02|Fees and Charges|053|Certification of documents|2025|3906
Mazabuka-Municipal-Council-2024-Budget.pdf|2024|02|Fees and Charges|053|Certification of documents|2026|4238
Mazabuka-Municipal-Council-2024-Budget.pdf|2024|02|Fees and Charges|063|Billboards and banners|2024|66360
Mazabuka-Municipal-Council-2024-Budget.pdf|2024|02|Fees and Charges|063|Billboards and banners|2025|72001
Mazabuka-Municipal-Council-2024-Budget.pdf|2024|02|Fees and Charges|063|Billboards and banners|2026|78121
Mazabuka-Municipal-Council-2024-Budget.pdf|2024|02|Fees and Charges|066|Penalties|2024|12000
Mazabuka-Municipal-Council-2024-Budget.pdf|2024|02|Fees and Charges|066|Penalties|2025|13020
Mazabuka-Municipal-Council-2024-Budget.pdf|2024|02|Fees and Charges|066|Penalties|2026|14127
Mazabuka-Municipal-Council-2024-Budget.pdf|2024|02|Fees and Charges|077|Club Membership|2024|15000
Mazabuka-Municipal-Council-2024-Budget.pdf|2024|02|Fees and Charges|077|Club Membership|2025|16275
Mazabuka-Municipal-Council-2024-Budget.pdf|2024|02|Fees and Charges|077|Club Membership|2026|17658
Mazabuka-Municipal-Council-2024-Budget.pdf|2024|02|Fees and Charges|094|Betting Fees|2024|20000
Mazabuka-Municipal-Council-2024-Budget.pdf|2024|02|Fees and Charges|094|Betting Fees|2025|21700
Mazabuka-Municipal-Council-2024-Budget.pdf|2024|02|Fees and Charges|094|Betting Fees|2026|23545
Mazabuka-Municipal-Council-2024-Budget.pdf|2024|02|Fees and Charges|099|Other fees and charges|2024|356500
Mazabuka-Municipal-Council-2024-Budget.pdf|2024|02|Fees and Charges|099|Other fees and charges|2025|386803
Mazabuka-Municipal-Council-2024-Budget.pdf|2024|02|Fees and Charges|099|Other fees and charges|2026|419680
Mazabuka-Municipal-Council-2024-Budget.pdf|2024|03|Licenses|001|Occupancy licence|2024|61850
Mazabuka-Municipal-Council-2024-Budget.pdf|2024|03|Licenses|001|Occupancy licence|2025|67107
Mazabuka-Municipal-Council-2024-Budget.pdf|2024|03|Licenses|001|Occupancy licence|2026|72811
Mazabuka-Municipal-Council-2024-Budget.pdf|2024|03|Licenses|003|Firearm and ammunition licence|2024|50000
Mazabuka-Municipal-Council-2024-Budget.pdf|2024|03|Licenses|003|Firearm and ammunition licence|2025|54250
Mazabuka-Municipal-Council-2024-Budget.pdf|2024|03|Licenses|003|Firearm and ammunition licence|2026|58861
Mazabuka-Municipal-Council-2024-Budget.pdf|2024|03|Licenses|004|Petroleum Storage licence|2024|243000
Mazabuka-Municipal-Council-2024-Budget.pdf|2024|03|Licenses|004|Petroleum Storage licence|2025|263655
Mazabuka-Municipal-Council-2024-Budget.pdf|2024|03|Licenses|004|Petroleum Storage licence|2026|286066
Mazabuka-Municipal-Council-2024-Budget.pdf|2024|03|Licenses|005|Dog licence|2024|10000
Mazabuka-Municipal-Council-2024-Budget.pdf|2024|03|Licenses|005|Dog licence|2025|10850
Mazabuka-Municipal-Council-2024-Budget.pdf|2024|03|Licenses|005|Dog licence|2026|11772
Mazabuka-Municipal-Council-2024-Budget.pdf|2024|03|Licenses|099|Other Licences|2024|81222
Mazabuka-Municipal-Council-2024-Budget.pdf|2024|03|Licenses|099|Other Licences|2025|82064
Mazabuka-Municipal-Council-2024-Budget.pdf|2024|03|Licenses|099|Other Licences|2026|89039
Mazabuka-Municipal-Council-2024-Budget.pdf|2024|04|Levies|001|Livestock Movement levy|2024|147000
Mazabuka-Municipal-Council-2024-Budget.pdf|2024|04|Levies|001|Livestock Movement levy|2025|153885
Mazabuka-Municipal-Council-2024-Budget.pdf|2024|04|Levies|001|Livestock Movement levy|2026|161355
Mazabuka-Municipal-Council-2024-Budget.pdf|2024|04|Levies|002|Birds levy|2024|3636
Mazabuka-Municipal-Council-2024-Budget.pdf|2024|04|Levies|002|Birds levy|2025|3945
Mazabuka-Municipal-Council-2024-Budget.pdf|2024|04|Levies|002|Birds levy|2026|4280
Mazabuka-Municipal-Council-2024-Budget.pdf|2024|04|Levies|003|Fish levy|2024|18576
Mazabuka-Municipal-Council-2024-Budget.pdf|2024|04|Levies|003|Fish levy|2025|20155
Mazabuka-Municipal-Council-2024-Budget.pdf|2024|04|Levies|003|Fish levy|2026|21868
Mazabuka-Municipal-Council-2024-Budget.pdf|2024|04|Levies|004|Pole levy|2024|12000
Mazabuka-Municipal-Council-2024-Budget.pdf|2024|04|Levies|004|Pole levy|2025|13020
Mazabuka-Municipal-Council-2024-Budget.pdf|2024|04|Levies|004|Pole levy|2026|14127
Mazabuka-Municipal-Council-2024-Budget.pdf|2024|04|Levies|005|Charcoal levy|2024|24900
Mazabuka-Municipal-Council-2024-Budget.pdf|2024|04|Levies|005|Charcoal levy|2025|27017
Mazabuka-Municipal-Council-2024-Budget.pdf|2024|04|Levies|005|Charcoal levy|2026|29313
Mazabuka-Municipal-Council-2024-Budget.pdf|2024|04|Levies|006|Sand levy|2024|12000
Mazabuka-Municipal-Council-2024-Budget.pdf|2024|04|Levies|006|Sand levy|2025|13020
Mazabuka-Municipal-Council-2024-Budget.pdf|2024|04|Levies|006|Sand levy|2026|14127
Mazabuka-Municipal-Council-2024-Budget.pdf|2024|04|Levies|011|Telecommunication Mast|2024|161500
Mazabuka-Municipal-Council-2024-Budget.pdf|2024|04|Levies|011|Telecommunication Mast|2025|175228
Mazabuka-Municipal-Council-2024-Budget.pdf|2024|04|Levies|011|Telecommunication Mast|2026|190122
Mazabuka-Municipal-Council-2024-Budget.pdf|2024|04|Levies|017|Trading (Wholesale) Business Levy|2024|41253
Mazabuka-Municipal-Council-2024-Budget.pdf|2024|04|Levies|017|Trading (Wholesale) Business Levy|2025|44760
Mazabuka-Municipal-Council-2024-Budget.pdf|2024|04|Levies|017|Trading (Wholesale) Business Levy|2026|48564
Mazabuka-Municipal-Council-2024-Budget.pdf|2024|04|Levies|018|Trading (Retail) Consumable groceries business|2024|33853
Mazabuka-Municipal-Council-2024-Budget.pdf|2024|04|Levies|018|Trading (Retail) Consumable groceries business|2025|36731
Mazabuka-Municipal-Council-2024-Budget.pdf|2024|04|Levies|018|Trading (Retail) Consumable groceries business|2026|39853
Mazabuka-Municipal-Council-2024-Budget.pdf|2024|04|Levies|019|Retail Merchants non-consumable business|2024|71013
Mazabuka-Municipal-Council-2024-Budget.pdf|2024|04|Levies|019|Retail Merchants non-consumable business|2025|77049
Mazabuka-Municipal-Council-2024-Budget.pdf|2024|04|Levies|019|Retail Merchants non-consumable business|2026|83598
Mazabuka-Municipal-Council-2024-Budget.pdf|2024|04|Levies|020|Trading (Retail) chain stores and supermarkets|2024|12500
Mazabuka-Municipal-Council-2024-Budget.pdf|2024|04|Levies|020|Trading (Retail) chain stores and supermarkets|2025|13563
Mazabuka-Municipal-Council-2024-Budget.pdf|2024|04|Levies|020|Trading (Retail) chain stores and supermarkets|2026|14716
Mazabuka-Municipal-Council-2024-Budget.pdf|2024|04|Levies|021|Manufacturing|2024|17501
Mazabuka-Municipal-Council-2024-Budget.pdf|2024|04|Levies|021|Manufacturing|2025|18988
Mazabuka-Municipal-Council-2024-Budget.pdf|2024|04|Levies|021|Manufacturing|2026|20602
Mazabuka-Municipal-Council-2024-Budget.pdf|2024|04|Levies|022|Agent Consumables|2024|23336
Mazabuka-Municipal-Council-2024-Budget.pdf|2024|04|Levies|022|Agent Consumables|2025|25319
Mazabuka-Municipal-Council-2024-Budget.pdf|2024|04|Levies|022|Agent Consumables|2026|27471
Mazabuka-Municipal-Council-2024-Budget.pdf|2024|04|Levies|023|Agent non-Consumables|2024|50013
Mazabuka-Municipal-Council-2024-Budget.pdf|2024|04|Levies|023|Agent non-Consumables|2025|54264
Mazabuka-Municipal-Council-2024-Budget.pdf|2024|04|Levies|023|Agent non-Consumables|2026|58877
Mazabuka-Municipal-Council-2024-Budget.pdf|2024|04|Levies|024|Trading (Retail) Automobiles|2024|62501
Mazabuka-Municipal-Council-2024-Budget.pdf|2024|04|Levies|024|Trading (Retail) Automobiles|2025|67813
Mazabuka-Municipal-Council-2024-Budget.pdf|2024|04|Levies|024|Trading (Retail) Automobiles|2026|73577
Mazabuka-Municipal-Council-2024-Budget.pdf|2024|04|Levies|026|Hawker|2024|3336
Mazabuka-Municipal-Council-2024-Budget.pdf|2024|04|Levies|026|Hawker|2025|3620
Mazabuka-Municipal-Council-2024-Budget.pdf|2024|04|Levies|026|Hawker|2026|3927
Mazabuka-Municipal-Council-2024-Budget.pdf|2024|04|Levies|027|Peddler|2024|1668
Mazabuka-Municipal-Council-2024-Budget.pdf|2024|04|Levies|027|Peddler|2025|1810
Mazabuka-Municipal-Council-2024-Budget.pdf|2024|04|Levies|027|Peddler|2026|1964
Mazabuka-Municipal-Council-2024-Budget.pdf|2024|04|Levies|028|Filling Station|2024|20000
Mazabuka-Municipal-Council-2024-Budget.pdf|2024|04|Levies|028|Filling Station|2025|21700
Mazabuka-Municipal-Council-2024-Budget.pdf|2024|04|Levies|028|Filling Station|2026|23545
Mazabuka-Municipal-Council-2024-Budget.pdf|2024|04|Levies|029|Professional Occupation|2024|9999
Mazabuka-Municipal-Council-2024-Budget.pdf|2024|04|Levies|029|Professional Occupation|2025|10849
Mazabuka-Municipal-Council-2024-Budget.pdf|2024|04|Levies|029|Professional Occupation|2026|11771
Mazabuka-Municipal-Council-2024-Budget.pdf|2024|04|Levies|030|Scrap Metal Dealers|2024|17778
Mazabuka-Municipal-Council-2024-Budget.pdf|2024|04|Levies|030|Scrap Metal Dealers|2025|19289
Mazabuka-Municipal-Council-2024-Budget.pdf|2024|04|Levies|030|Scrap Metal Dealers|2026|20929
Mazabuka-Municipal-Council-2024-Budget.pdf|2024|04|Levies|031|Car Wash|2024|15000
Mazabuka-Municipal-Council-2024-Budget.pdf|2024|04|Levies|031|Car Wash|2025|16275
Mazabuka-Municipal-Council-2024-Budget.pdf|2024|04|Levies|031|Car Wash|2026|17658
Mazabuka-Municipal-Council-2024-Budget.pdf|2024|04|Levies|032|Hospitality|2024|90000
Mazabuka-Municipal-Council-2024-Budget.pdf|2024|04|Levies|032|Hospitality|2025|97650
Mazabuka-Municipal-Council-2024-Budget.pdf|2024|04|Levies|032|Hospitality|2026|105950
Mazabuka-Municipal-Council-2024-Budget.pdf|2024|04|Levies|033|Commercial Banks|2024|44500
Mazabuka-Municipal-Council-2024-Budget.pdf|2024|04|Levies|033|Commercial Banks|2025|48288
Mazabuka-Municipal-Council-2024-Budget.pdf|2024|04|Levies|033|Commercial Banks|2026|52392
Mazabuka-Municipal-Council-2024-Budget.pdf|2024|04|Levies|034|Micro- Finance and Money-Lenders|2024|15000
Mazabuka-Municipal-Council-2024-Budget.pdf|2024|04|Levies|034|Micro- Finance and Money-Lenders|2025|16275
Mazabuka-Municipal-Council-2024-Budget.pdf|2024|04|Levies|034|Micro- Finance and Money-Lenders|2026|17658
Mazabuka-Municipal-Council-2024-Budget.pdf|2024|04|Levies|099|Other levies|2024|122350
Mazabuka-Municipal-Council-2024-Budget.pdf|2024|04|Levies|099|Other levies|2025|132750
Mazabuka-Municipal-Council-2024-Budget.pdf|2024|04|Levies|099|Other levies|2026|144033
Mazabuka-Municipal-Council-2024-Budget.pdf|2024|05|Permits|001|Health permits|2024|439900
Mazabuka-Municipal-Council-2024-Budget.pdf|2024|05|Permits|001|Health permits|2025|477291
Mazabuka-Municipal-Council-2024-Budget.pdf|2024|05|Permits|001|Health permits|2026|517861
Mazabuka-Municipal-Council-2024-Budget.pdf|2024|05|Permits|003|Herbalist permit|2024|1000
Mazabuka-Municipal-Council-2024-Budget.pdf|2024|05|Permits|003|Herbalist permit|2025|1085
Mazabuka-Municipal-Council-2024-Budget.pdf|2024|05|Permits|003|Herbalist permit|2026|1177
Mazabuka-Municipal-Council-2024-Budget.pdf|2024|05|Permits|008|Burial permits and grave sites|2024|67300
Mazabuka-Municipal-Council-2024-Budget.pdf|2024|05|Permits|008|Burial permits and grave sites|2025|73021
Mazabuka-Municipal-Council-2024-Budget.pdf|2024|05|Permits|008|Burial permits and grave sites|2026|79227
Mazabuka-Municipal-Council-2024-Budget.pdf|2024|05|Permits|010|Extension of Business hours permits|2024|33200
Mazabuka-Municipal-Council-2024-Budget.pdf|2024|05|Permits|010|Extension of Business hours permits|2025|36022
Mazabuka-Municipal-Council-2024-Budget.pdf|2024|05|Permits|010|Extension of Business hours permits|2026|39084
Mazabuka-Municipal-Council-2024-Budget.pdf|2024|05|Permits|011|Social gathering permit|2024|32050
Mazabuka-Municipal-Council-2024-Budget.pdf|2024|05|Permits|011|Social gathering permit|2025|34774
Mazabuka-Municipal-Council-2024-Budget.pdf|2024|05|Permits|011|Social gathering permit|2026|37730
Mazabuka-Municipal-Council-2024-Budget.pdf|2024|05|Permits|099|Primary, Secondary and Tertiary permits|2024|511316
Mazabuka-Municipal-Council-2024-Budget.pdf|2024|05|Permits|099|Primary, Secondary and Tertiary permits|2025|554778
Mazabuka-Municipal-Council-2024-Budget.pdf|2024|05|Permits|099|Primary, Secondary and Tertiary permits|2026|601934
Mazabuka-Municipal-Council-2024-Budget.pdf|2024|06|Charges|003|Premium Plot- Residential|2024|23460000
Mazabuka-Municipal-Council-2024-Budget.pdf|2024|06|Charges|003|Premium Plot- Residential|2025|25454100
Mazabuka-Municipal-Council-2024-Budget.pdf|2024|06|Charges|003|Premium Plot- Residential|2026|27617699
Mazabuka-Municipal-Council-2024-Budget.pdf|2024|06|Charges|004|Premium Plot Commercial|2024|4770000
Mazabuka-Municipal-Council-2024-Budget.pdf|2024|06|Charges|004|Premium Plot Commercial|2025|5175450
Mazabuka-Municipal-Council-2024-Budget.pdf|2024|06|Charges|004|Premium Plot Commercial|2026|5615363
Mazabuka-Municipal-Council-2024-Budget.pdf|2024|06|Charges|007|Land Application Charges|2024|458500
Mazabuka-Municipal-Council-2024-Budget.pdf|2024|06|Charges|007|Land Application Charges|2025|497473
Mazabuka-Municipal-Council-2024-Budget.pdf|2024|06|Charges|007|Land Application Charges|2026|539758
Mazabuka-Municipal-Council-2024-Budget.pdf|2024|07|Other Incomes|099|Other Income|2024|550596
Mazabuka-Municipal-Council-2024-Budget.pdf|2024|07|Other Incomes|099|Other Income|2025|597397
Mazabuka-Municipal-Council-2024-Budget.pdf|2024|07|Other Incomes|099|Other Income|2026|648176
Mazabuka-Municipal-Council-2024-Budget.pdf|2024|08|National Support (Grants)|002|Roads Grant|2024|3742847
Mazabuka-Municipal-Council-2024-Budget.pdf|2024|08|National Support (Grants)|002|Roads Grant|2025|4060989
Mazabuka-Municipal-Council-2024-Budget.pdf|2024|08|National Support (Grants)|002|Roads Grant|2026|4406173
Mazabuka-Municipal-Council-2024-Budget.pdf|2024|08|National Support (Grants)|003|Health Grant|2024|4208756
Mazabuka-Municipal-Council-2024-Budget.pdf|2024|08|National Support (Grants)|003|Health Grant|2025|4296688
Mazabuka-Municipal-Council-2024-Budget.pdf|2024|08|National Support (Grants)|003|Health Grant|2026|4392094
Mazabuka-Municipal-Council-2024-Budget.pdf|2024|08|National Support (Grants)|004|Local Government Equalisation Fund|2024|18122434
Mazabuka-Municipal-Council-2024-Budget.pdf|2024|08|National Support (Grants)|004|Local Government Equalisation Fund|2025|19662841
Mazabuka-Municipal-Council-2024-Budget.pdf|2024|08|National Support (Grants)|004|Local Government Equalisation Fund|2026|21334182
Mazabuka-Municipal-Council-2024-Budget.pdf|2024|08|National Support (Grants)|005|Grants in lieu of Rates|2024|220000
Mazabuka-Municipal-Council-2024-Budget.pdf|2024|08|National Support (Grants)|005|Grants in lieu of Rates|2025|238700
Mazabuka-Municipal-Council-2024-Budget.pdf|2024|08|National Support (Grants)|005|Grants in lieu of Rates|2026|258990
Mazabuka-Municipal-Council-2024-Budget.pdf|2024|08|National Support (Grants)|099|Other Grants|2024|551096
Mazabuka-Municipal-Council-2024-Budget.pdf|2024|08|National Support (Grants)|099|Other Grants|2025|577129
Mazabuka-Municipal-Council-2024-Budget.pdf|2024|08|National Support (Grants)|099|Other Grants|2026|605375
Mazabuka-Municipal-Council-2024-Budget.pdf|2024|09|Local Development Fund|001|Constituency Development Fund|2024|61271284
Mazabuka-Municipal-Council-2024-Budget.pdf|2024|09|Local Development Fund|001|Constituency Development Fund|2025|66479343
Mazabuka-Municipal-Council-2024-Budget.pdf|2024|09|Local Development Fund|001|Constituency Development Fund|2026|72130087
Mazabuka-Municipal-Council-2025-Budget.pdf|2025|01|Local taxes/rates|001|Residential|2025|5339349
Mazabuka-Municipal-Council-2025-Budget.pdf|2025|01|Local taxes/rates|001|Personal levy|2025|75000
Mazabuka-Municipal-Council-2025-Budget.pdf|2025|01|Local taxes/rates|001|Residential|2026|5713103
Mazabuka-Municipal-Council-2025-Budget.pdf|2025|01|Local taxes/rates|001|Personal levy|2026|80250
Mazabuka-Municipal-Council-2025-Budget.pdf|2025|01|Local taxes/rates|001|Residential|2027|6055890
Mazabuka-Municipal-Council-2025-Budget.pdf|2025|01|Local taxes/rates|001|Personal levy|2027|85065
Mazabuka-Municipal-Council-2025-Budget.pdf|2025|01|Local taxes/rates|003|Industrial|2025|4778303
Mazabuka-Municipal-Council-2025-Budget.pdf|2025|01|Local taxes/rates|003|Industrial|2026|5112784
Mazabuka-Municipal-Council-2025-Budget.pdf|2025|01|Local taxes/rates|003|Industrial|2027|5419551
Mazabuka-Municipal-Council-2025-Budget.pdf|2025|01|Local taxes/rates|005|Mining/Plant|2025|396000
Mazabuka-Municipal-Council-2025-Budget.pdf|2025|01|Local taxes/rates|005|Mining/Plant|2026|423720
Mazabuka-Municipal-Council-2025-Budget.pdf|2025|01|Local taxes/rates|005|Mining/Plant|2027|449143
Mazabuka-Municipal-Council-2025-Budget.pdf|2025|02|Fees and Charges|001|Consent fees|2025|15000
Mazabuka-Municipal-Council-2025-Budget.pdf|2025|02|Fees and Charges|001|Consent fees|2026|16050
Mazabuka-Municipal-Council-2025-Budget.pdf|2025|02|Fees and Charges|001|Consent fees|2027|17013
Mazabuka-Municipal-Council-2025-Budget.pdf|2025|02|Fees and Charges|003|Building inspection-fees|2025|478300
Mazabuka-Municipal-Council-2025-Budget.pdf|2025|02|Fees and Charges|003|Building inspection-fees|2026|511781
Mazabuka-Municipal-Council-2025-Budget.pdf|2025|02|Fees and Charges|003|Building inspection-fees|2027|542488
Mazabuka-Municipal-Council-2025-Budget.pdf|2025|02|Fees and Charges|004|Plan scrutiny fee|2025|207942
Mazabuka-Municipal-Council-2025-Budget.pdf|2025|02|Fees and Charges|004|Plan scrutiny fee|2026|222498
Mazabuka-Municipal-Council-2025-Budget.pdf|2025|02|Fees and Charges|004|Plan scrutiny fee|2027|235848
Mazabuka-Municipal-Council-2025-Budget.pdf|2025|02|Fees and Charges|005|Change of premise use|2025|45000
Mazabuka-Municipal-Council-2025-Budget.pdf|2025|02|Fees and Charges|005|Change of premise use|2026|48150
Mazabuka-Municipal-Council-2025-Budget.pdf|2025|02|Fees and Charges|005|Change of premise use|2027|51039
Mazabuka-Municipal-Council-2025-Budget.pdf|2025|02|Fees and Charges|007|Rentals/lease of Council’s properties|2025|76500
Mazabuka-Municipal-Council-2025-Budget.pdf|2025|02|Fees and Charges|007|Rentals/lease of Council’s properties|2026|81855
Mazabuka-Municipal-Council-2025-Budget.pdf|2025|02|Fees and Charges|007|Rentals/lease of Council’s properties|2027|86766
Mazabuka-Municipal-Council-2025-Budget.pdf|2025|02|Fees and Charges|008|Non-Land Application forms fees|2025|20000
Mazabuka-Municipal-Council-2025-Budget.pdf|2025|02|Fees and Charges|008|Non-Land Application forms fees|2026|21400
Mazabuka-Municipal-Council-2025-Budget.pdf|2025|02|Fees and Charges|008|Non-Land Application forms fees|2027|22684
Mazabuka-Municipal-Council-2025-Budget.pdf|2025|02|Fees and Charges|010|Sketch plan|2025|20000
Mazabuka-Municipal-Council-2025-Budget.pdf|2025|02|Fees and Charges|010|Sketch plan|2026|21400
Mazabuka-Municipal-Council-2025-Budget.pdf|2025|02|Fees and Charges|010|Sketch plan|2027|22684
Mazabuka-Municipal-Council-2025-Budget.pdf|2025|02|Fees and Charges|011|Search fees|2025|20000
Mazabuka-Municipal-Council-2025-Budget.pdf|2025|02|Fees and Charges|011|Search fees|2026|21400
Mazabuka-Municipal-Council-2025-Budget.pdf|2025|02|Fees and Charges|011|Search fees|2027|22684
Mazabuka-Municipal-Council-2025-Budget.pdf|2025|02|Fees and Charges|013|Market fees|2025|480200
Mazabuka-Municipal-Council-2025-Budget.pdf|2025|02|Fees and Charges|013|Market fees|2026|513814
Mazabuka-Municipal-Council-2025-Budget.pdf|2025|02|Fees and Charges|013|Market fees|2027|544643
Mazabuka-Municipal-Council-2025-Budget.pdf|2025|02|Fees and Charges|014|Parking fees|2025|100560
Mazabuka-Municipal-Council-2025-Budget.pdf|2025|02|Fees and Charges|014|Parking fees|2026|107599
Mazabuka-Municipal-Council-2025-Budget.pdf|2025|02|Fees and Charges|014|Parking fees|2027|114055
Mazabuka-Municipal-Council-2025-Budget.pdf|2025|02|Fees and Charges|016|Loading fees (buses, trucks, trains, taxies etc.)|2025|93000
Mazabuka-Municipal-Council-2025-Budget.pdf|2025|02|Fees and Charges|016|Loading fees (buses, trucks, trains, taxies etc.)|2026|99510
Mazabuka-Municipal-Council-2025-Budget.pdf|2025|02|Fees and Charges|016|Loading fees (buses, trucks, trains, taxies etc.)|2027|105481
Mazabuka-Municipal-Council-2025-Budget.pdf|2025|02|Fees and Charges|017|Affidavit fees|2025|3000
Mazabuka-Municipal-Council-2025-Budget.pdf|2025|02|Fees and Charges|017|Affidavit fees|2026|3210
Mazabuka-Municipal-Council-2025-Budget.pdf|2025|02|Fees and Charges|017|Affidavit fees|2027|3403
Mazabuka-Municipal-Council-2025-Budget.pdf|2025|02|Fees and Charges|020|Hire of halls|2025|50000
Mazabuka-Municipal-Council-2025-Budget.pdf|2025|02|Fees and Charges|020|Hire of halls|2026|53500
Mazabuka-Municipal-Council-2025-Budget.pdf|2025|02|Fees and Charges|020|Hire of halls|2027|56710
Mazabuka-Municipal-Council-2025-Budget.pdf|2025|02|Fees and Charges|033|Refuse disposal|2025|350560
Mazabuka-Municipal-Council-2025-Budget.pdf|2025|02|Fees and Charges|033|Refuse disposal|2026|375099
Mazabuka-Municipal-Council-2025-Budget.pdf|2025|02|Fees and Charges|033|Refuse disposal|2027|397605
Mazabuka-Municipal-Council-2025-Budget.pdf|2025|02|Fees and Charges|034|Home craft registration fee / club membership|2025|68100
Mazabuka-Municipal-Council-2025-Budget.pdf|2025|02|Fees and Charges|034|Home craft registration fee / club membership|2026|72867
Mazabuka-Municipal-Council-2025-Budget.pdf|2025|02|Fees and Charges|034|Home craft registration fee / club membership|2027|77239
Mazabuka-Municipal-Council-2025-Budget.pdf|2025|02|Fees and Charges|038|Library membership fees|2025|990
Mazabuka-Municipal-Council-2025-Budget.pdf|2025|02|Fees and Charges|038|Library membership fees|2026|1059
Mazabuka-Municipal-Council-2025-Budget.pdf|2025|02|Fees and Charges|038|Library membership fees|2027|1123
Mazabuka-Municipal-Council-2025-Budget.pdf|2025|02|Fees and Charges|045|Notice of marriage fees|2025|65000
Mazabuka-Municipal-Council-2025-Budget.pdf|2025|02|Fees and Charges|045|Notice of marriage fees|2026|69550
Mazabuka-Municipal-Council-2025-Budget.pdf|2025|02|Fees and Charges|045|Notice of marriage fees|2027|73723
Mazabuka-Municipal-Council-2025-Budget.pdf|2025|02|Fees and Charges|046|Abattoir/meat inspection fees|2025|105800
Mazabuka-Municipal-Council-2025-Budget.pdf|2025|02|Fees and Charges|046|Abattoir/meat inspection fees|2026|113206
Mazabuka-Municipal-Council-2025-Budget.pdf|2025|02|Fees and Charges|046|Abattoir/meat inspection fees|2027|119998
Mazabuka-Municipal-Council-2025-Budget.pdf|2025|02|Fees and Charges|051|Farm produce Fee|2025|467861
Mazabuka-Municipal-Council-2025-Budget.pdf|2025|02|Fees and Charges|051|Farm produce Fee|2026|507629
Mazabuka-Municipal-Council-2025-Budget.pdf|2025|02|Fees and Charges|051|Farm produce Fee|2027|550777
Mazabuka-Municipal-Council-2025-Budget.pdf|2025|02|Fees and Charges|053|Certification of documents|2025|3600
Mazabuka-Municipal-Council-2025-Budget.pdf|2025|02|Fees and Charges|053|Certification of documents|2026|3852
Mazabuka-Municipal-Council-2025-Budget.pdf|2025|02|Fees and Charges|053|Certification of documents|2027|4083
Mazabuka-Municipal-Council-2025-Budget.pdf|2025|02|Fees and Charges|063|Billboards and banners|2025|98630
Mazabuka-Municipal-Council-2025-Budget.pdf|2025|02|Fees and Charges|063|Billboards and banners|2026|105534
Mazabuka-Municipal-Council-2025-Budget.pdf|2025|02|Fees and Charges|063|Billboards and banners|2027|111866
Mazabuka-Municipal-Council-2025-Budget.pdf|2025|02|Fees and Charges|066|Penalties|2025|30000
Mazabuka-Municipal-Council-2025-Budget.pdf|2025|02|Fees and Charges|066|Penalties|2026|32100
Mazabuka-Municipal-Council-2025-Budget.pdf|2025|02|Fees and Charges|066|Penalties|2027|34026
Mazabuka-Municipal-Council-2025-Budget.pdf|2025|02|Fees and Charges|077|Club Membership|2025|15000
Mazabuka-Municipal-Council-2025-Budget.pdf|2025|02|Fees and Charges|077|Club Membership|2026|16050
Mazabuka-Municipal-Council-2025-Budget.pdf|2025|02|Fees and Charges|077|Club Membership|2027|17013
Mazabuka-Municipal-Council-2025-Budget.pdf|2025|02|Fees and Charges|094|Betting Fees|2025|20000
Mazabuka-Municipal-Council-2025-Budget.pdf|2025|02|Fees and Charges|094|Betting Fees|2026|21400
Mazabuka-Municipal-Council-2025-Budget.pdf|2025|02|Fees and Charges|094|Betting Fees|2027|22684
Mazabuka-Municipal-Council-2025-Budget.pdf|2025|02|Fees and Charges|099|Other fees and charges|2025|440351
Mazabuka-Municipal-Council-2025-Budget.pdf|2025|02|Fees and Charges|099|Other fees and charges|2026|471175
Mazabuka-Municipal-Council-2025-Budget.pdf|2025|02|Fees and Charges|099|Other fees and charges|2027|499446
Mazabuka-Municipal-Council-2025-Budget.pdf|2025|03|Licenses|001|Occupancy licence|2025|3705000
Mazabuka-Municipal-Council-2025-Budget.pdf|2025|03|Licenses|001|Occupancy licence|2026|3964350
Mazabuka-Municipal-Council-2025-Budget.pdf|2025|03|Licenses|001|Occupancy licence|2027|4202211
Mazabuka-Municipal-Council-2025-Budget.pdf|2025|03|Licenses|002|Liquor licence|2025|10560
Mazabuka-Municipal-Council-2025-Budget.pdf|2025|03|Licenses|002|Liquor licence|2026|11299
Mazabuka-Municipal-Council-2025-Budget.pdf|2025|03|Licenses|002|Liquor licence|2027|11977
Mazabuka-Municipal-Council-2025-Budget.pdf|2025|03|Licenses|003|Firearm and ammunition licence|2025|50000
Mazabuka-Municipal-Council-2025-Budget.pdf|2025|03|Licenses|003|Firearm and ammunition licence|2026|53500
Mazabuka-Municipal-Council-2025-Budget.pdf|2025|03|Licenses|003|Firearm and ammunition licence|2027|56710
Mazabuka-Municipal-Council-2025-Budget.pdf|2025|03|Licenses|004|Petroleum Storage licence|2025|269836
Mazabuka-Municipal-Council-2025-Budget.pdf|2025|03|Licenses|004|Petroleum Storage licence|2026|288725
Mazabuka-Municipal-Council-2025-Budget.pdf|2025|03|Licenses|004|Petroleum Storage licence|2027|306048
Mazabuka-Municipal-Council-2025-Budget.pdf|2025|03|Licenses|005|Dog licence|2025|14000
Mazabuka-Municipal-Council-2025-Budget.pdf|2025|03|Licenses|005|Dog licence|2026|14980
Mazabuka-Municipal-Council-2025-Budget.pdf|2025|03|Licenses|005|Dog licence|2027|15879
Mazabuka-Municipal-Council-2025-Budget.pdf|2025|03|Licenses|099|Other Licences|2025|40222
Mazabuka-Municipal-Council-2025-Budget.pdf|2025|03|Licenses|099|Other Licences|2026|43038
Mazabuka-Municipal-Council-2025-Budget.pdf|2025|03|Licenses|099|Other Licences|2027|45620
Mazabuka-Municipal-Council-2025-Budget.pdf|2025|04|Levies|001|Livestock Movement levy|2025|126000
Mazabuka-Municipal-Council-2025-Budget.pdf|2025|04|Levies|001|Livestock Movement levy|2026|134830
Mazabuka-Municipal-Council-2025-Budget.pdf|2025|04|Levies|001|Livestock Movement levy|2027|142909
Mazabuka-Municipal-Council-2025-Budget.pdf|2025|04|Levies|002|Birds levy|2025|3636
Mazabuka-Municipal-Council-2025-Budget.pdf|2025|04|Levies|002|Birds levy|2026|3891
Mazabuka-Municipal-Council-2025-Budget.pdf|2025|04|Levies|002|Birds levy|2027|4124
Mazabuka-Municipal-Council-2025-Budget.pdf|2025|04|Levies|003|Fish levy|2025|250450
Mazabuka-Municipal-Council-2025-Budget.pdf|2025|04|Levies|003|Fish levy|2026|267982
Mazabuka-Municipal-Council-2025-Budget.pdf|2025|04|Levies|003|Fish levy|2027|284060
Mazabuka-Municipal-Council-2025-Budget.pdf|2025|04|Levies|004|Pole levy|2025|12000
Mazabuka-Municipal-Council-2025-Budget.pdf|2025|04|Levies|004|Pole levy|2026|12850
Mazabuka-Municipal-Council-2025-Budget.pdf|2025|04|Levies|004|Pole levy|2027|13610
Mazabuka-Municipal-Council-2025-Budget.pdf|2025|04|Levies|005|Charcoal levy|2025|40000
Mazabuka-Municipal-Council-2025-Budget.pdf|2025|04|Levies|005|Charcoal levy|2026|42800
Mazabuka-Municipal-Council-2025-Budget.pdf|2025|04|Levies|005|Charcoal levy|2027|45796
Mazabuka-Municipal-Council-2025-Budget.pdf|2025|04|Levies|006|Sand levy|2025|12000
Mazabuka-Municipal-Council-2025-Budget.pdf|2025|04|Levies|006|Sand levy|2026|12840
Mazabuka-Municipal-Council-2025-Budget.pdf|2025|04|Levies|006|Sand levy|2027|13610
Mazabuka-Municipal-Council-2025-Budget.pdf|2025|04|Levies|011|Telecommunication Mast|2025|161500
Mazabuka-Municipal-Council-2025-Budget.pdf|2025|04|Levies|011|Telecommunication Mast|2026|172805
Mazabuka-Municipal-Council-2025-Budget.pdf|2025|04|Levies|011|Telecommunication Mast|2027|183173
Mazabuka-Municipal-Council-2025-Budget.pdf|2025|04|Levies|012|Cane Levy|2025|761850
Mazabuka-Municipal-Council-2025-Budget.pdf|2025|04|Levies|012|Cane Levy|2026|815180
Mazabuka-Municipal-Council-2025-Budget.pdf|2025|04|Levies|012|Cane Levy|2027|864090
Mazabuka-Municipal-Council-2025-Budget.pdf|2025|04|Levies|017|Trading (Wholesale) Business Levy|2025|25336
Mazabuka-Municipal-Council-2025-Budget.pdf|2025|04|Levies|017|Trading (Wholesale) Business Levy|2026|27110
Mazabuka-Municipal-Council-2025-Budget.pdf|2025|04|Levies|017|Trading (Wholesale) Business Levy|2027|28736
Mazabuka-Municipal-Council-2025-Budget.pdf|2025|04|Levies|019|Retail Merchants non-consumable business|2025|488836
Mazabuka-Municipal-Council-2025-Budget.pdf|2025|04|Levies|019|Retail Merchants non-consumable business|2026|523055
Mazabuka-Municipal-Council-2025-Budget.pdf|2025|04|Levies|019|Retail Merchants non-consumable business|2027|554438
Mazabuka-Municipal-Council-2025-Budget.pdf|2025|04|Levies|021|Manufacturing|2025|15000
Mazabuka-Municipal-Council-2025-Budget.pdf|2025|04|Levies|021|Manufacturing|2026|16050
Mazabuka-Municipal-Council-2025-Budget.pdf|2025|04|Levies|021|Manufacturing|2027|17013
Mazabuka-Municipal-Council-2025-Budget.pdf|2025|04|Levies|022|Agent Consumables|2025|12888
Mazabuka-Municipal-Council-2025-Budget.pdf|2025|04|Levies|022|Agent Consumables|2026|13790
Mazabuka-Municipal-Council-2025-Budget.pdf|2025|04|Levies|022|Agent Consumables|2027|14617
Mazabuka-Municipal-Council-2025-Budget.pdf|2025|04|Levies|023|Agent non-Consumables|2025|72907
Mazabuka-Municipal-Council-2025-Budget.pdf|2025|04|Levies|023|Agent non-Consumables|2026|78010
Mazabuka-Municipal-Council-2025-Budget.pdf|2025|04|Levies|023|Agent non-Consumables|2027|82691
Mazabuka-Municipal-Council-2025-Budget.pdf|2025|04|Levies|026|Hawker|2025|2224
Mazabuka-Municipal-Council-2025-Budget.pdf|2025|04|Levies|026|Hawker|2026|2380
Mazabuka-Municipal-Council-2025-Budget.pdf|2025|04|Levies|026|Hawker|2027|2522
Mazabuka-Municipal-Council-2025-Budget.pdf|2025|04|Levies|027|Peddler|2025|5560
Mazabuka-Municipal-Council-2025-Budget.pdf|2025|04|Levies|027|Peddler|2026|5949
Mazabuka-Municipal-Council-2025-Budget.pdf|2025|04|Levies|027|Peddler|2027|6306
Mazabuka-Municipal-Council-2025-Budget.pdf|2025|04|Levies|028|Filling Station|2025|33336
Mazabuka-Municipal-Council-2025-Budget.pdf|2025|04|Levies|028|Filling Station|2026|35670
Mazabuka-Municipal-Council-2025-Budget.pdf|2025|04|Levies|028|Filling Station|2027|37810
Mazabuka-Municipal-Council-2025-Budget.pdf|2025|04|Levies|029|Professional Occupation|2025|13332
Mazabuka-Municipal-Council-2025-Budget.pdf|2025|04|Levies|029|Professional Occupation|2026|14265
Mazabuka-Municipal-Council-2025-Budget.pdf|2025|04|Levies|029|Professional Occupation|2027|15121
Mazabuka-Municipal-Council-2025-Budget.pdf|2025|04|Levies|030|Scrap Metal Dealers|2025|22224
Mazabuka-Municipal-Council-2025-Budget.pdf|2025|04|Levies|030|Scrap Metal Dealers|2026|23780
Mazabuka-Municipal-Council-2025-Budget.pdf|2025|04|Levies|030|Scrap Metal Dealers|2027|25206
Mazabuka-Municipal-Council-2025-Budget.pdf|2025|04|Levies|031|Car Wash|2025|16000
Mazabuka-Municipal-Council-2025-Budget.pdf|2025|04|Levies|031|Car Wash|2026|17120
Mazabuka-Municipal-Council-2025-Budget.pdf|2025|04|Levies|031|Car Wash|2027|18147
Mazabuka-Municipal-Council-2025-Budget.pdf|2025|04|Levies|032|Hospitality|2025|60000
Mazabuka-Municipal-Council-2025-Budget.pdf|2025|04|Levies|032|Hospitality|2026|64200
Mazabuka-Municipal-Council-2025-Budget.pdf|2025|04|Levies|032|Hospitality|2027|68052
Mazabuka-Municipal-Council-2025-Budget.pdf|2025|04|Levies|033|Commercial Banks|2025|45000
Mazabuka-Municipal-Council-2025-Budget.pdf|2025|04|Levies|033|Commercial Banks|2026|48150
Mazabuka-Municipal-Council-2025-Budget.pdf|2025|04|Levies|033|Commercial Banks|2027|51039
Mazabuka-Municipal-Council-2025-Budget.pdf|2025|04|Levies|034|Micro- Finance and Money-Lenders|2025|20000
Mazabuka-Municipal-Council-2025-Budget.pdf|2025|04|Levies|034|Micro- Finance and Money-Lenders|2026|21400
Mazabuka-Municipal-Council-2025-Budget.pdf|2025|04|Levies|034|Micro- Finance and Money-Lenders|2027|22684
Mazabuka-Municipal-Council-2025-Budget.pdf|2025|04|Levies|099|Other levies|2025|30000
Mazabuka-Municipal-Council-2025-Budget.pdf|2025|04|Levies|099|Other levies|2026|32100
Mazabuka-Municipal-Council-2025-Budget.pdf|2025|04|Levies|099|Other levies|2027|34026
Mazabuka-Municipal-Council-2025-Budget.pdf|2025|05|Permits|001|Health permits|2025|600560
Mazabuka-Municipal-Council-2025-Budget.pdf|2025|05|Permits|001|Health permits|2026|642599
Mazabuka-Municipal-Council-2025-Budget.pdf|2025|05|Permits|001|Health permits|2027|681155
Mazabuka-Municipal-Council-2025-Budget.pdf|2025|05|Permits|002|Permit for opaque beer|2025|4000
Mazabuka-Municipal-Council-2025-Budget.pdf|2025|05|Permits|002|Permit for opaque beer|2026|4280
Mazabuka-Municipal-Council-2025-Budget.pdf|2025|05|Permits|002|Permit for opaque beer|2027|4537
Mazabuka-Municipal-Council-2025-Budget.pdf|2025|05|Permits|003|Herbalist permit|2025|1000
Mazabuka-Municipal-Council-2025-Budget.pdf|2025|05|Permits|003|Herbalist permit|2026|1070
Mazabuka-Municipal-Council-2025-Budget.pdf|2025|05|Permits|003|Herbalist permit|2027|1134
Mazabuka-Municipal-Council-2025-Budget.pdf|2025|05|Permits|005|Transportation of meat products|2025|27000
Mazabuka-Municipal-Council-2025-Budget.pdf|2025|05|Permits|005|Transportation of meat products|2026|28890
Mazabuka-Municipal-Council-2025-Budget.pdf|2025|05|Permits|005|Transportation of meat products|2027|30623
Mazabuka-Municipal-Council-2025-Budget.pdf|2025|05|Permits|008|Burial permits and grave sites|2025|67300
Mazabuka-Municipal-Council-2025-Budget.pdf|2025|05|Permits|008|Burial permits and grave sites|2026|72011
Mazabuka-Municipal-Council-2025-Budget.pdf|2025|05|Permits|008|Burial permits and grave sites|2027|76332
Mazabuka-Municipal-Council-2025-Budget.pdf|2025|05|Permits|009|Fire certificate|2025|656535
Mazabuka-Municipal-Council-2025-Budget.pdf|2025|05|Permits|009|Fire certificate|2026|702492
Mazabuka-Municipal-Council-2025-Budget.pdf|2025|05|Permits|009|Fire certificate|2027|744642
Mazabuka-Municipal-Council-2025-Budget.pdf|2025|05|Permits|010|Extension of Business hours permits|2025|4000
Mazabuka-Municipal-Council-2025-Budget.pdf|2025|05|Permits|010|Extension of Business hours permits|2026|4280
Mazabuka-Municipal-Council-2025-Budget.pdf|2025|05|Permits|010|Extension of Business hours permits|2027|4538
Mazabuka-Municipal-Council-2025-Budget.pdf|2025|06|Charges|003|Premium Plot- Residential|2025|19863400
Mazabuka-Municipal-Council-2025-Budget.pdf|2025|06|Charges|003|Premium Plot- Residential|2026|21253838
Mazabuka-Municipal-Council-2025-Budget.pdf|2025|06|Charges|003|Premium Plot- Residential|2027|22529068
Mazabuka-Municipal-Council-2025-Budget.pdf|2025|06|Charges|004|Premium Plot Commercial|2025|750000
Mazabuka-Municipal-Council-2025-Budget.pdf|2025|06|Charges|004|Premium Plot Commercial|2026|802500
Mazabuka-Municipal-Council-2025-Budget.pdf|2025|06|Charges|004|Premium Plot Commercial|2027|850650
Mazabuka-Municipal-Council-2025-Budget.pdf|2025|06|Charges|007|Land Application Charges|2025|320500
Mazabuka-Municipal-Council-2025-Budget.pdf|2025|06|Charges|007|Land Application Charges|2026|342935
Mazabuka-Municipal-Council-2025-Budget.pdf|2025|06|Charges|007|Land Application Charges|2027|363511
Mazabuka-Municipal-Council-2025-Budget.pdf|2025|07|Other Incomes|099|Other Income|2025|232150
Mazabuka-Municipal-Council-2025-Budget.pdf|2025|07|Other Incomes|099|Other Income|2026|248401
Mazabuka-Municipal-Council-2025-Budget.pdf|2025|07|Other Incomes|099|Other Income|2027|263305
Mazabuka-Municipal-Council-2025-Budget.pdf|2025|08|National Support (Grants)|001|Constituency Development Fund|2025|72116301
Mazabuka-Municipal-Council-2025-Budget.pdf|2025|08|National Support (Grants)|001|Constituency Development Fund|2026|77164442
Mazabuka-Municipal-Council-2025-Budget.pdf|2025|08|National Support (Grants)|001|Constituency Development Fund|2027|81794309
Mazabuka-Municipal-Council-2025-Budget.pdf|2025|08|National Support (Grants)|002|Roads Grant|2025|3200587
Mazabuka-Municipal-Council-2025-Budget.pdf|2025|08|National Support (Grants)|002|Roads Grant|2026|3200587
Mazabuka-Municipal-Council-2025-Budget.pdf|2025|08|National Support (Grants)|002|Roads Grant|2027|3200587
Mazabuka-Municipal-Council-2025-Budget.pdf|2025|08|National Support (Grants)|003|Health Grant|2025|3890372
Mazabuka-Municipal-Council-2025-Budget.pdf|2025|08|National Support (Grants)|003|Health Grant|2026|3890372
Mazabuka-Municipal-Council-2025-Budget.pdf|2025|08|National Support (Grants)|003|Health Grant|2027|3890372
Mazabuka-Municipal-Council-2025-Budget.pdf|2025|08|National Support (Grants)|004|Local Government Equalisation Fund|2025|18122434
Mazabuka-Municipal-Council-2025-Budget.pdf|2025|08|National Support (Grants)|004|Local Government Equalisation Fund|2026|19391004
Mazabuka-Municipal-Council-2025-Budget.pdf|2025|08|National Support (Grants)|004|Local Government Equalisation Fund|2027|20554465
Mazabuka-Municipal-Council-2025-Budget.pdf|2025|08|National Support (Grants)|005|Grants in lieu of Rates|2025|220000
Mazabuka-Municipal-Council-2025-Budget.pdf|2025|08|National Support (Grants)|005|Grants in lieu of Rates|2026|235400
Mazabuka-Municipal-Council-2025-Budget.pdf|2025|08|National Support (Grants)|005|Grants in lieu of Rates|2027|249524
Mazabuka-Municipal-Council-2025-Budget.pdf|2025|08|National Support (Grants)|099|Other Grants|2025|26629899
Mazabuka-Municipal-Council-2025-Budget.pdf|2025|08|National Support (Grants)|099|Other Grants|2026|28493990
Mazabuka-Municipal-Council-2025-Budget.pdf|2025|08|National Support (Grants)|099|Other Grants|2027|30203631
MAZABUKA-MUNICIPAL-COUNCIL-2026-BUDGET.pdf|2026|01|Local taxes/rates|001|Residential|2026|2339349
MAZABUKA-MUNICIPAL-COUNCIL-2026-BUDGET.pdf|2026|01|Local taxes/rates|001|Residential|2027|2479710
MAZABUKA-MUNICIPAL-COUNCIL-2026-BUDGET.pdf|2026|01|Local taxes/rates|001|Residential|2028|2653290
MAZABUKA-MUNICIPAL-COUNCIL-2026-BUDGET.pdf|2026|01|Local taxes/rates|002|Commercial|2026|11285023
MAZABUKA-MUNICIPAL-COUNCIL-2026-BUDGET.pdf|2026|01|Local taxes/rates|002|Commercial|2027|11962124
MAZABUKA-MUNICIPAL-COUNCIL-2026-BUDGET.pdf|2026|01|Local taxes/rates|002|Commercial|2028|12799473
MAZABUKA-MUNICIPAL-COUNCIL-2026-BUDGET.pdf|2026|01|Local taxes/rates|005|Mining/Plant|2026|396000
MAZABUKA-MUNICIPAL-COUNCIL-2026-BUDGET.pdf|2026|01|Local taxes/rates|005|Mining/Plant|2027|419760
MAZABUKA-MUNICIPAL-COUNCIL-2026-BUDGET.pdf|2026|01|Local taxes/rates|005|Mining/Plant|2028|449143
MAZABUKA-MUNICIPAL-COUNCIL-2026-BUDGET.pdf|2026|02|Fees and Charges|001|Consent fees|2026|10000
MAZABUKA-MUNICIPAL-COUNCIL-2026-BUDGET.pdf|2026|02|Fees and Charges|001|Consent fees|2027|10600
MAZABUKA-MUNICIPAL-COUNCIL-2026-BUDGET.pdf|2026|02|Fees and Charges|001|Consent fees|2028|11342
MAZABUKA-MUNICIPAL-COUNCIL-2026-BUDGET.pdf|2026|02|Fees and Charges|002|Survey fees|2026|22000
MAZABUKA-MUNICIPAL-COUNCIL-2026-BUDGET.pdf|2026|02|Fees and Charges|002|Survey fees|2027|23320
MAZABUKA-MUNICIPAL-COUNCIL-2026-BUDGET.pdf|2026|02|Fees and Charges|002|Survey fees|2028|24952
MAZABUKA-MUNICIPAL-COUNCIL-2026-BUDGET.pdf|2026|02|Fees and Charges|003|Building inspection-fees|2026|200783
MAZABUKA-MUNICIPAL-COUNCIL-2026-BUDGET.pdf|2026|02|Fees and Charges|003|Building inspection-fees|2027|212829
MAZABUKA-MUNICIPAL-COUNCIL-2026-BUDGET.pdf|2026|02|Fees and Charges|003|Building inspection-fees|2028|227728
MAZABUKA-MUNICIPAL-COUNCIL-2026-BUDGET.pdf|2026|02|Fees and Charges|004|Plan scrutiny fee|2026|190200
MAZABUKA-MUNICIPAL-COUNCIL-2026-BUDGET.pdf|2026|02|Fees and Charges|004|Plan scrutiny fee|2027|201612
MAZABUKA-MUNICIPAL-COUNCIL-2026-BUDGET.pdf|2026|02|Fees and Charges|004|Plan scrutiny fee|2028|215725
MAZABUKA-MUNICIPAL-COUNCIL-2026-BUDGET.pdf|2026|02|Fees and Charges|005|Change of premise use|2026|45000
MAZABUKA-MUNICIPAL-COUNCIL-2026-BUDGET.pdf|2026|02|Fees and Charges|005|Change of premise use|2027|47700
MAZABUKA-MUNICIPAL-COUNCIL-2026-BUDGET.pdf|2026|02|Fees and Charges|005|Change of premise use|2028|51039
MAZABUKA-MUNICIPAL-COUNCIL-2026-BUDGET.pdf|2026|02|Fees and Charges|007|Rentals/lease of Council’s properties|2026|76500
MAZABUKA-MUNICIPAL-COUNCIL-2026-BUDGET.pdf|2026|02|Fees and Charges|007|Rentals/lease of Council’s properties|2027|81090
MAZABUKA-MUNICIPAL-COUNCIL-2026-BUDGET.pdf|2026|02|Fees and Charges|007|Rentals/lease of Council’s properties|2028|86767
MAZABUKA-MUNICIPAL-COUNCIL-2026-BUDGET.pdf|2026|02|Fees and Charges|008|Non-Land Application forms fees|2026|20000
MAZABUKA-MUNICIPAL-COUNCIL-2026-BUDGET.pdf|2026|02|Fees and Charges|008|Non-Land Application forms fees|2027|21200
MAZABUKA-MUNICIPAL-COUNCIL-2026-BUDGET.pdf|2026|02|Fees and Charges|008|Non-Land Application forms fees|2028|22684
MAZABUKA-MUNICIPAL-COUNCIL-2026-BUDGET.pdf|2026|02|Fees and Charges|009|Rentals from houses|2026|111931
MAZABUKA-MUNICIPAL-COUNCIL-2026-BUDGET.pdf|2026|02|Fees and Charges|009|Rentals from houses|2027|118647
MAZABUKA-MUNICIPAL-COUNCIL-2026-BUDGET.pdf|2026|02|Fees and Charges|009|Rentals from houses|2028|694194
MAZABUKA-MUNICIPAL-COUNCIL-2026-BUDGET.pdf|2026|02|Fees and Charges|010|Sketch plan|2026|8500
MAZABUKA-MUNICIPAL-COUNCIL-2026-BUDGET.pdf|2026|02|Fees and Charges|010|Sketch plan|2027|9010
MAZABUKA-MUNICIPAL-COUNCIL-2026-BUDGET.pdf|2026|02|Fees and Charges|010|Sketch plan|2028|9640
MAZABUKA-MUNICIPAL-COUNCIL-2026-BUDGET.pdf|2026|02|Fees and Charges|011|Search fees|2026|20000
MAZABUKA-MUNICIPAL-COUNCIL-2026-BUDGET.pdf|2026|02|Fees and Charges|011|Search fees|2027|21200
MAZABUKA-MUNICIPAL-COUNCIL-2026-BUDGET.pdf|2026|02|Fees and Charges|011|Search fees|2028|22684
MAZABUKA-MUNICIPAL-COUNCIL-2026-BUDGET.pdf|2026|02|Fees and Charges|013|Market fees|2026|612056
MAZABUKA-MUNICIPAL-COUNCIL-2026-BUDGET.pdf|2026|02|Fees and Charges|013|Market fees|2027|648779
MAZABUKA-MUNICIPAL-COUNCIL-2026-BUDGET.pdf|2026|02|Fees and Charges|013|Market fees|2028|694194
MAZABUKA-MUNICIPAL-COUNCIL-2026-BUDGET.pdf|2026|02|Fees and Charges|014|Parking fees|2026|120560
MAZABUKA-MUNICIPAL-COUNCIL-2026-BUDGET.pdf|2026|02|Fees and Charges|014|Parking fees|2027|127794
MAZABUKA-MUNICIPAL-COUNCIL-2026-BUDGET.pdf|2026|02|Fees and Charges|014|Parking fees|2028|136739
MAZABUKA-MUNICIPAL-COUNCIL-2026-BUDGET.pdf|2026|02|Fees and Charges|016|Loading fees (buses, trucks, trains, taxies etc.)|2026|50000
MAZABUKA-MUNICIPAL-COUNCIL-2026-BUDGET.pdf|2026|02|Fees and Charges|016|Loading fees (buses, trucks, trains, taxies etc.)|2027|53000
MAZABUKA-MUNICIPAL-COUNCIL-2026-BUDGET.pdf|2026|02|Fees and Charges|016|Loading fees (buses, trucks, trains, taxies etc.)|2028|56710
MAZABUKA-MUNICIPAL-COUNCIL-2026-BUDGET.pdf|2026|02|Fees and Charges|017|Affidavit fees|2026|3000
MAZABUKA-MUNICIPAL-COUNCIL-2026-BUDGET.pdf|2026|02|Fees and Charges|017|Affidavit fees|2027|3180
MAZABUKA-MUNICIPAL-COUNCIL-2026-BUDGET.pdf|2026|02|Fees and Charges|017|Affidavit fees|2028|3403
MAZABUKA-MUNICIPAL-COUNCIL-2026-BUDGET.pdf|2026|02|Fees and Charges|020|Hire of halls|2026|40000
MAZABUKA-MUNICIPAL-COUNCIL-2026-BUDGET.pdf|2026|02|Fees and Charges|020|Hire of halls|2027|42400
MAZABUKA-MUNICIPAL-COUNCIL-2026-BUDGET.pdf|2026|02|Fees and Charges|020|Hire of halls|2028|45368
MAZABUKA-MUNICIPAL-COUNCIL-2026-BUDGET.pdf|2026|02|Fees and Charges|033|Refuse disposal|2026|573150
MAZABUKA-MUNICIPAL-COUNCIL-2026-BUDGET.pdf|2026|02|Fees and Charges|033|Refuse disposal|2027|607539
MAZABUKA-MUNICIPAL-COUNCIL-2026-BUDGET.pdf|2026|02|Fees and Charges|033|Refuse disposal|2028|650067
MAZABUKA-MUNICIPAL-COUNCIL-2026-BUDGET.pdf|2026|02|Fees and Charges|034|Home craft registration fee / club membership|2026|25000
MAZABUKA-MUNICIPAL-COUNCIL-2026-BUDGET.pdf|2026|02|Fees and Charges|034|Home craft registration fee / club membership|2027|26500
MAZABUKA-MUNICIPAL-COUNCIL-2026-BUDGET.pdf|2026|02|Fees and Charges|034|Home craft registration fee / club membership|2028|28355
MAZABUKA-MUNICIPAL-COUNCIL-2026-BUDGET.pdf|2026|02|Fees and Charges|035|Commercial & non-commercial Exhibitions|2026|5000
MAZABUKA-MUNICIPAL-COUNCIL-2026-BUDGET.pdf|2026|02|Fees and Charges|035|Commercial & non-commercial Exhibitions|2027|5300
MAZABUKA-MUNICIPAL-COUNCIL-2026-BUDGET.pdf|2026|02|Fees and Charges|035|Commercial & non-commercial Exhibitions|2028|5671
MAZABUKA-MUNICIPAL-COUNCIL-2026-BUDGET.pdf|2026|02|Fees and Charges|038|Library membership fees|2026|750
MAZABUKA-MUNICIPAL-COUNCIL-2026-BUDGET.pdf|2026|02|Fees and Charges|038|Library membership fees|2027|795
MAZABUKA-MUNICIPAL-COUNCIL-2026-BUDGET.pdf|2026|02|Fees and Charges|038|Library membership fees|2028|851
MAZABUKA-MUNICIPAL-COUNCIL-2026-BUDGET.pdf|2026|02|Fees and Charges|045|Notice of marriage fees|2026|65000
MAZABUKA-MUNICIPAL-COUNCIL-2026-BUDGET.pdf|2026|02|Fees and Charges|045|Notice of marriage fees|2027|68900
MAZABUKA-MUNICIPAL-COUNCIL-2026-BUDGET.pdf|2026|02|Fees and Charges|045|Notice of marriage fees|2028|73723
MAZABUKA-MUNICIPAL-COUNCIL-2026-BUDGET.pdf|2026|02|Fees and Charges|046|Abattoir/meat inspection fees|2026|101400
MAZABUKA-MUNICIPAL-COUNCIL-2026-BUDGET.pdf|2026|02|Fees and Charges|046|Abattoir/meat inspection fees|2027|107484
MAZABUKA-MUNICIPAL-COUNCIL-2026-BUDGET.pdf|2026|02|Fees and Charges|046|Abattoir/meat inspection fees|2028|115008
MAZABUKA-MUNICIPAL-COUNCIL-2026-BUDGET.pdf|2026|02|Fees and Charges|047|Registration of clubs and societies|2026|15000
MAZABUKA-MUNICIPAL-COUNCIL-2026-BUDGET.pdf|2026|02|Fees and Charges|047|Registration of clubs and societies|2027|15900
MAZABUKA-MUNICIPAL-COUNCIL-2026-BUDGET.pdf|2026|02|Fees and Charges|047|Registration of clubs and societies|2028|17013
MAZABUKA-MUNICIPAL-COUNCIL-2026-BUDGET.pdf|2026|02|Fees and Charges|051|Farm produce Fee|2026|267861
MAZABUKA-MUNICIPAL-COUNCIL-2026-BUDGET.pdf|2026|02|Fees and Charges|051|Farm produce Fee|2027|283933
MAZABUKA-MUNICIPAL-COUNCIL-2026-BUDGET.pdf|2026|02|Fees and Charges|051|Farm produce Fee|2028|303808
MAZABUKA-MUNICIPAL-COUNCIL-2026-BUDGET.pdf|2026|02|Fees and Charges|053|Certification of documents|2026|3600
MAZABUKA-MUNICIPAL-COUNCIL-2026-BUDGET.pdf|2026|02|Fees and Charges|053|Certification of documents|2027|3816
MAZABUKA-MUNICIPAL-COUNCIL-2026-BUDGET.pdf|2026|02|Fees and Charges|053|Certification of documents|2028|4083
MAZABUKA-MUNICIPAL-COUNCIL-2026-BUDGET.pdf|2026|02|Fees and Charges|059|Land Record|2026|10000
MAZABUKA-MUNICIPAL-COUNCIL-2026-BUDGET.pdf|2026|02|Fees and Charges|059|Land Record|2027|10600
MAZABUKA-MUNICIPAL-COUNCIL-2026-BUDGET.pdf|2026|02|Fees and Charges|059|Land Record|2028|11342
MAZABUKA-MUNICIPAL-COUNCIL-2026-BUDGET.pdf|2026|02|Fees and Charges|063|Billboards and banners|2026|222650
MAZABUKA-MUNICIPAL-COUNCIL-2026-BUDGET.pdf|2026|02|Fees and Charges|063|Billboards and banners|2027|236009
MAZABUKA-MUNICIPAL-COUNCIL-2026-BUDGET.pdf|2026|02|Fees and Charges|063|Billboards and banners|2028|252529
MAZABUKA-MUNICIPAL-COUNCIL-2026-BUDGET.pdf|2026|02|Fees and Charges|064|Hire of Transport and Equipment|2026|492713
MAZABUKA-MUNICIPAL-COUNCIL-2026-BUDGET.pdf|2026|02|Fees and Charges|064|Hire of Transport and Equipment|2027|522276
MAZABUKA-MUNICIPAL-COUNCIL-2026-BUDGET.pdf|2026|02|Fees and Charges|064|Hire of Transport and Equipment|2028|558835
MAZABUKA-MUNICIPAL-COUNCIL-2026-BUDGET.pdf|2026|02|Fees and Charges|066|Penalties|2026|50000
MAZABUKA-MUNICIPAL-COUNCIL-2026-BUDGET.pdf|2026|02|Fees and Charges|066|Penalties|2027|53000
MAZABUKA-MUNICIPAL-COUNCIL-2026-BUDGET.pdf|2026|02|Fees and Charges|066|Penalties|2028|56710
MAZABUKA-MUNICIPAL-COUNCIL-2026-BUDGET.pdf|2026|02|Fees and Charges|099|Other fees and charges|2026|237250
MAZABUKA-MUNICIPAL-COUNCIL-2026-BUDGET.pdf|2026|02|Fees and Charges|099|Other fees and charges|2027|251485
MAZABUKA-MUNICIPAL-COUNCIL-2026-BUDGET.pdf|2026|02|Fees and Charges|099|Other fees and charges|2028|269089
MAZABUKA-MUNICIPAL-COUNCIL-2026-BUDGET.pdf|2026|03|Licenses|001|Occupancy licence|2026|87600
MAZABUKA-MUNICIPAL-COUNCIL-2026-BUDGET.pdf|2026|03|Licenses|001|Occupancy licence|2027|92856
MAZABUKA-MUNICIPAL-COUNCIL-2026-BUDGET.pdf|2026|03|Licenses|001|Occupancy licence|2028|99356
MAZABUKA-MUNICIPAL-COUNCIL-2026-BUDGET.pdf|2026|03|Licenses|002|Liquor licence|2026|24000
MAZABUKA-MUNICIPAL-COUNCIL-2026-BUDGET.pdf|2026|03|Licenses|002|Liquor licence|2027|25440
MAZABUKA-MUNICIPAL-COUNCIL-2026-BUDGET.pdf|2026|03|Licenses|002|Liquor licence|2028|27221
MAZABUKA-MUNICIPAL-COUNCIL-2026-BUDGET.pdf|2026|03|Licenses|003|Firearm and ammunition licence|2026|72750
MAZABUKA-MUNICIPAL-COUNCIL-2026-BUDGET.pdf|2026|03|Licenses|003|Firearm and ammunition licence|2027|77115
MAZABUKA-MUNICIPAL-COUNCIL-2026-BUDGET.pdf|2026|03|Licenses|003|Firearm and ammunition licence|2028|82513
MAZABUKA-MUNICIPAL-COUNCIL-2026-BUDGET.pdf|2026|03|Licenses|004|Petroleum Storage licence|2026|269836
MAZABUKA-MUNICIPAL-COUNCIL-2026-BUDGET.pdf|2026|03|Licenses|004|Petroleum Storage licence|2027|286026
MAZABUKA-MUNICIPAL-COUNCIL-2026-BUDGET.pdf|2026|03|Licenses|004|Petroleum Storage licence|2028|306048
MAZABUKA-MUNICIPAL-COUNCIL-2026-BUDGET.pdf|2026|03|Licenses|005|Dog licence|2026|14000
MAZABUKA-MUNICIPAL-COUNCIL-2026-BUDGET.pdf|2026|03|Licenses|005|Dog licence|2027|14840
MAZABUKA-MUNICIPAL-COUNCIL-2026-BUDGET.pdf|2026|03|Licenses|005|Dog licence|2028|15879
MAZABUKA-MUNICIPAL-COUNCIL-2026-BUDGET.pdf|2026|04|Levies|001|Livestock Movement levy|2026|126000
MAZABUKA-MUNICIPAL-COUNCIL-2026-BUDGET.pdf|2026|04|Levies|001|Livestock Movement levy|2027|133560
MAZABUKA-MUNICIPAL-COUNCIL-2026-BUDGET.pdf|2026|04|Levies|001|Livestock Movement levy|2028|142909
MAZABUKA-MUNICIPAL-COUNCIL-2026-BUDGET.pdf|2026|04|Levies|002|Birds levy|2026|3636
MAZABUKA-MUNICIPAL-COUNCIL-2026-BUDGET.pdf|2026|04|Levies|002|Birds levy|2027|3854
MAZABUKA-MUNICIPAL-COUNCIL-2026-BUDGET.pdf|2026|04|Levies|002|Birds levy|2028|4124
MAZABUKA-MUNICIPAL-COUNCIL-2026-BUDGET.pdf|2026|04|Levies|003|Fish levy|2026|250450
MAZABUKA-MUNICIPAL-COUNCIL-2026-BUDGET.pdf|2026|04|Levies|003|Fish levy|2027|265477
MAZABUKA-MUNICIPAL-COUNCIL-2026-BUDGET.pdf|2026|04|Levies|003|Fish levy|2028|284060
MAZABUKA-MUNICIPAL-COUNCIL-2026-BUDGET.pdf|2026|04|Levies|004|Pole levy|2026|12000
MAZABUKA-MUNICIPAL-COUNCIL-2026-BUDGET.pdf|2026|04|Levies|004|Pole levy|2027|12720
MAZABUKA-MUNICIPAL-COUNCIL-2026-BUDGET.pdf|2026|04|Levies|004|Pole levy|2028|13610
MAZABUKA-MUNICIPAL-COUNCIL-2026-BUDGET.pdf|2026|04|Levies|006|Sand levy|2026|12000
MAZABUKA-MUNICIPAL-COUNCIL-2026-BUDGET.pdf|2026|04|Levies|006|Sand levy|2027|12720
MAZABUKA-MUNICIPAL-COUNCIL-2026-BUDGET.pdf|2026|04|Levies|006|Sand levy|2028|13610
MAZABUKA-MUNICIPAL-COUNCIL-2026-BUDGET.pdf|2026|04|Levies|011|Telecommunication Mast|2026|161500
MAZABUKA-MUNICIPAL-COUNCIL-2026-BUDGET.pdf|2026|04|Levies|011|Telecommunication Mast|2027|171190
MAZABUKA-MUNICIPAL-COUNCIL-2026-BUDGET.pdf|2026|04|Levies|011|Telecommunication Mast|2028|183173
MAZABUKA-MUNICIPAL-COUNCIL-2026-BUDGET.pdf|2026|04|Levies|012|Cane Levy|2026|6923154
MAZABUKA-MUNICIPAL-COUNCIL-2026-BUDGET.pdf|2026|04|Levies|012|Cane Levy|2027|7338544
MAZABUKA-MUNICIPAL-COUNCIL-2026-BUDGET.pdf|2026|04|Levies|012|Cane Levy|2028|7852242
MAZABUKA-MUNICIPAL-COUNCIL-2026-BUDGET.pdf|2026|04|Levies|017|Trading (Wholesale) Business Levy|2026|18670
MAZABUKA-MUNICIPAL-COUNCIL-2026-BUDGET.pdf|2026|04|Levies|017|Trading (Wholesale) Business Levy|2027|19790
MAZABUKA-MUNICIPAL-COUNCIL-2026-BUDGET.pdf|2026|04|Levies|017|Trading (Wholesale) Business Levy|2028|21176
MAZABUKA-MUNICIPAL-COUNCIL-2026-BUDGET.pdf|2026|04|Levies|018|Trading (Retail) Consumable groceries business|2026|812312
MAZABUKA-MUNICIPAL-COUNCIL-2026-BUDGET.pdf|2026|04|Levies|018|Trading (Retail) Consumable groceries business|2027|861051
MAZABUKA-MUNICIPAL-COUNCIL-2026-BUDGET.pdf|2026|04|Levies|018|Trading (Retail) Consumable groceries business|2028|921325
MAZABUKA-MUNICIPAL-COUNCIL-2026-BUDGET.pdf|2026|04|Levies|021|Manufacturing|2026|15000
MAZABUKA-MUNICIPAL-COUNCIL-2026-BUDGET.pdf|2026|04|Levies|021|Manufacturing|2027|15900
MAZABUKA-MUNICIPAL-COUNCIL-2026-BUDGET.pdf|2026|04|Levies|021|Manufacturing|2028|17013
MAZABUKA-MUNICIPAL-COUNCIL-2026-BUDGET.pdf|2026|04|Levies|022|Agent Consumables|2026|12888
MAZABUKA-MUNICIPAL-COUNCIL-2026-BUDGET.pdf|2026|04|Levies|022|Agent Consumables|2027|13661
MAZABUKA-MUNICIPAL-COUNCIL-2026-BUDGET.pdf|2026|04|Levies|022|Agent Consumables|2028|14618
MAZABUKA-MUNICIPAL-COUNCIL-2026-BUDGET.pdf|2026|04|Levies|023|Agent non-Consumables|2026|72907
MAZABUKA-MUNICIPAL-COUNCIL-2026-BUDGET.pdf|2026|04|Levies|023|Agent non-Consumables|2027|77281
MAZABUKA-MUNICIPAL-COUNCIL-2026-BUDGET.pdf|2026|04|Levies|023|Agent non-Consumables|2028|82691
MAZABUKA-MUNICIPAL-COUNCIL-2026-BUDGET.pdf|2026|04|Levies|026|Hawker|2026|2224
MAZABUKA-MUNICIPAL-COUNCIL-2026-BUDGET.pdf|2026|04|Levies|026|Hawker|2027|2357
MAZABUKA-MUNICIPAL-COUNCIL-2026-BUDGET.pdf|2026|04|Levies|026|Hawker|2028|2522
MAZABUKA-MUNICIPAL-COUNCIL-2026-BUDGET.pdf|2026|04|Levies|028|Filling Station|2026|20000
MAZABUKA-MUNICIPAL-COUNCIL-2026-BUDGET.pdf|2026|04|Levies|028|Filling Station|2027|21200
MAZABUKA-MUNICIPAL-COUNCIL-2026-BUDGET.pdf|2026|04|Levies|028|Filling Station|2028|22684
MAZABUKA-MUNICIPAL-COUNCIL-2026-BUDGET.pdf|2026|04|Levies|029|Professional Occupation|2026|13332
MAZABUKA-MUNICIPAL-COUNCIL-2026-BUDGET.pdf|2026|04|Levies|029|Professional Occupation|2027|14132
MAZABUKA-MUNICIPAL-COUNCIL-2026-BUDGET.pdf|2026|04|Levies|029|Professional Occupation|2028|15121
MAZABUKA-MUNICIPAL-COUNCIL-2026-BUDGET.pdf|2026|04|Levies|030|Scrap Metal Dealers|2026|22224
MAZABUKA-MUNICIPAL-COUNCIL-2026-BUDGET.pdf|2026|04|Levies|030|Scrap Metal Dealers|2027|23557
MAZABUKA-MUNICIPAL-COUNCIL-2026-BUDGET.pdf|2026|04|Levies|030|Scrap Metal Dealers|2028|25206
MAZABUKA-MUNICIPAL-COUNCIL-2026-BUDGET.pdf|2026|04|Levies|031|Car Wash|2026|16000
MAZABUKA-MUNICIPAL-COUNCIL-2026-BUDGET.pdf|2026|04|Levies|031|Car Wash|2027|16960
MAZABUKA-MUNICIPAL-COUNCIL-2026-BUDGET.pdf|2026|04|Levies|031|Car Wash|2028|18147
MAZABUKA-MUNICIPAL-COUNCIL-2026-BUDGET.pdf|2026|04|Levies|032|Hospitality|2026|60000
MAZABUKA-MUNICIPAL-COUNCIL-2026-BUDGET.pdf|2026|04|Levies|032|Hospitality|2027|63600
MAZABUKA-MUNICIPAL-COUNCIL-2026-BUDGET.pdf|2026|04|Levies|032|Hospitality|2028|68052
MAZABUKA-MUNICIPAL-COUNCIL-2026-BUDGET.pdf|2026|04|Levies|033|Commercial Banks|2026|45000
MAZABUKA-MUNICIPAL-COUNCIL-2026-BUDGET.pdf|2026|04|Levies|033|Commercial Banks|2027|47700
MAZABUKA-MUNICIPAL-COUNCIL-2026-BUDGET.pdf|2026|04|Levies|033|Commercial Banks|2028|51039
MAZABUKA-MUNICIPAL-COUNCIL-2026-BUDGET.pdf|2026|04|Levies|034|Micro- Finance and Money-Lenders|2026|20000
MAZABUKA-MUNICIPAL-COUNCIL-2026-BUDGET.pdf|2026|04|Levies|034|Micro- Finance and Money-Lenders|2027|21200
MAZABUKA-MUNICIPAL-COUNCIL-2026-BUDGET.pdf|2026|04|Levies|034|Micro- Finance and Money-Lenders|2028|22684
MAZABUKA-MUNICIPAL-COUNCIL-2026-BUDGET.pdf|2026|05|Permits|001|Health permits|2026|789150
MAZABUKA-MUNICIPAL-COUNCIL-2026-BUDGET.pdf|2026|05|Permits|001|Health permits|2027|836499
MAZABUKA-MUNICIPAL-COUNCIL-2026-BUDGET.pdf|2026|05|Permits|001|Health permits|2028|895054
MAZABUKA-MUNICIPAL-COUNCIL-2026-BUDGET.pdf|2026|05|Permits|003|Herbalist permit|2026|1500
MAZABUKA-MUNICIPAL-COUNCIL-2026-BUDGET.pdf|2026|05|Permits|003|Herbalist permit|2027|1590
MAZABUKA-MUNICIPAL-COUNCIL-2026-BUDGET.pdf|2026|05|Permits|003|Herbalist permit|2028|1701
MAZABUKA-MUNICIPAL-COUNCIL-2026-BUDGET.pdf|2026|05|Permits|004|Transportation of milk products|2026|1000
MAZABUKA-MUNICIPAL-COUNCIL-2026-BUDGET.pdf|2026|05|Permits|004|Transportation of milk products|2027|1060
MAZABUKA-MUNICIPAL-COUNCIL-2026-BUDGET.pdf|2026|05|Permits|004|Transportation of milk products|2028|1134
MAZABUKA-MUNICIPAL-COUNCIL-2026-BUDGET.pdf|2026|05|Permits|005|Transportation of meat products|2026|27000
MAZABUKA-MUNICIPAL-COUNCIL-2026-BUDGET.pdf|2026|05|Permits|005|Transportation of meat products|2027|28620
MAZABUKA-MUNICIPAL-COUNCIL-2026-BUDGET.pdf|2026|05|Permits|005|Transportation of meat products|2028|30623
MAZABUKA-MUNICIPAL-COUNCIL-2026-BUDGET.pdf|2026|05|Permits|006|Transportation of opaque beer|2026|30800
MAZABUKA-MUNICIPAL-COUNCIL-2026-BUDGET.pdf|2026|05|Permits|006|Transportation of opaque beer|2027|32648
MAZABUKA-MUNICIPAL-COUNCIL-2026-BUDGET.pdf|2026|05|Permits|006|Transportation of opaque beer|2028|34933
MAZABUKA-MUNICIPAL-COUNCIL-2026-BUDGET.pdf|2026|05|Permits|008|Burial permits and grave sites|2026|75900
MAZABUKA-MUNICIPAL-COUNCIL-2026-BUDGET.pdf|2026|05|Permits|008|Burial permits and grave sites|2027|80454
MAZABUKA-MUNICIPAL-COUNCIL-2026-BUDGET.pdf|2026|05|Permits|008|Burial permits and grave sites|2028|86086
MAZABUKA-MUNICIPAL-COUNCIL-2026-BUDGET.pdf|2026|05|Permits|009|Fire certificate|2026|656535
MAZABUKA-MUNICIPAL-COUNCIL-2026-BUDGET.pdf|2026|05|Permits|009|Fire certificate|2027|695927
MAZABUKA-MUNICIPAL-COUNCIL-2026-BUDGET.pdf|2026|05|Permits|009|Fire certificate|2028|744642
MAZABUKA-MUNICIPAL-COUNCIL-2026-BUDGET.pdf|2026|05|Permits|010|Extension of Business hours permits|2026|4000
MAZABUKA-MUNICIPAL-COUNCIL-2026-BUDGET.pdf|2026|05|Permits|010|Extension of Business hours permits|2027|4240
MAZABUKA-MUNICIPAL-COUNCIL-2026-BUDGET.pdf|2026|05|Permits|010|Extension of Business hours permits|2028|4537
MAZABUKA-MUNICIPAL-COUNCIL-2026-BUDGET.pdf|2026|05|Permits|011|Social gathering permit|2026|6300
MAZABUKA-MUNICIPAL-COUNCIL-2026-BUDGET.pdf|2026|05|Permits|011|Social gathering permit|2027|6678
MAZABUKA-MUNICIPAL-COUNCIL-2026-BUDGET.pdf|2026|05|Permits|011|Social gathering permit|2028|7145
MAZABUKA-MUNICIPAL-COUNCIL-2026-BUDGET.pdf|2026|06|Charges|001|Service Charges Residential plots|2026|16063400
MAZABUKA-MUNICIPAL-COUNCIL-2026-BUDGET.pdf|2026|06|Charges|001|Service Charges Residential plots|2027|17027204
MAZABUKA-MUNICIPAL-COUNCIL-2026-BUDGET.pdf|2026|06|Charges|001|Service Charges Residential plots|2028|18219108
MAZABUKA-MUNICIPAL-COUNCIL-2026-BUDGET.pdf|2026|06|Charges|004|Premium Plot Commercial|2026|750000
MAZABUKA-MUNICIPAL-COUNCIL-2026-BUDGET.pdf|2026|06|Charges|004|Premium Plot Commercial|2027|795000
MAZABUKA-MUNICIPAL-COUNCIL-2026-BUDGET.pdf|2026|06|Charges|004|Premium Plot Commercial|2028|850650
MAZABUKA-MUNICIPAL-COUNCIL-2026-BUDGET.pdf|2026|06|Charges|099|Land Charges|2026|320500
MAZABUKA-MUNICIPAL-COUNCIL-2026-BUDGET.pdf|2026|06|Charges|099|Land Charges|2027|339730
MAZABUKA-MUNICIPAL-COUNCIL-2026-BUDGET.pdf|2026|06|Charges|099|Land Charges|2028|363511
MAZABUKA-MUNICIPAL-COUNCIL-2026-BUDGET.pdf|2026|07|Other Incomes|002|Surplus/ Deficit from Commercial Ventures|2026|232150
MAZABUKA-MUNICIPAL-COUNCIL-2026-BUDGET.pdf|2026|07|Other Incomes|002|Surplus/ Deficit from Commercial Ventures|2027|246079
MAZABUKA-MUNICIPAL-COUNCIL-2026-BUDGET.pdf|2026|07|Other Incomes|002|Surplus/ Deficit from Commercial Ventures|2028|263305
MAZABUKA-MUNICIPAL-COUNCIL-2026-BUDGET.pdf|2026|08|National Support (Grants)|001|Constituency Development Fund|2026|80065099
MAZABUKA-MUNICIPAL-COUNCIL-2026-BUDGET.pdf|2026|08|National Support (Grants)|001|Constituency Development Fund|2027|84803450
MAZABUKA-MUNICIPAL-COUNCIL-2026-BUDGET.pdf|2026|08|National Support (Grants)|001|Constituency Development Fund|2028|90739692
MAZABUKA-MUNICIPAL-COUNCIL-2026-BUDGET.pdf|2026|08|National Support (Grants)|002|Roads Grant|2026|6351370
MAZABUKA-MUNICIPAL-COUNCIL-2026-BUDGET.pdf|2026|08|National Support (Grants)|002|Roads Grant|2027|6732453
MAZABUKA-MUNICIPAL-COUNCIL-2026-BUDGET.pdf|2026|08|National Support (Grants)|002|Roads Grant|2028|7203724
MAZABUKA-MUNICIPAL-COUNCIL-2026-BUDGET.pdf|2026|08|National Support (Grants)|003|Health Grant|2026|4083257
MAZABUKA-MUNICIPAL-COUNCIL-2026-BUDGET.pdf|2026|08|National Support (Grants)|003|Health Grant|2027|4328252
MAZABUKA-MUNICIPAL-COUNCIL-2026-BUDGET.pdf|2026|08|National Support (Grants)|003|Health Grant|2028|4631230
MAZABUKA-MUNICIPAL-COUNCIL-2026-BUDGET.pdf|2026|08|National Support (Grants)|004|Local Government Equalisation Fund|2026|18122434
MAZABUKA-MUNICIPAL-COUNCIL-2026-BUDGET.pdf|2026|08|National Support (Grants)|004|Local Government Equalisation Fund|2027|18122434
MAZABUKA-MUNICIPAL-COUNCIL-2026-BUDGET.pdf|2026|08|National Support (Grants)|004|Local Government Equalisation Fund|2028|18122434
MAZABUKA-MUNICIPAL-COUNCIL-2026-BUDGET.pdf|2026|08|National Support (Grants)|005|Grants in lieu of Rates|2026|220000
MAZABUKA-MUNICIPAL-COUNCIL-2026-BUDGET.pdf|2026|08|National Support (Grants)|005|Grants in lieu of Rates|2027|233200
MAZABUKA-MUNICIPAL-COUNCIL-2026-BUDGET.pdf|2026|08|National Support (Grants)|005|Grants in lieu of Rates|2028|249524
MAZABUKA-MUNICIPAL-COUNCIL-2026-BUDGET.pdf|2026|08|National Support (Grants)|099|Other Grants|2026|28445328
MAZABUKA-MUNICIPAL-COUNCIL-2026-BUDGET.pdf|2026|08|National Support (Grants)|099|Other Grants|2027|30152048
MAZABUKA-MUNICIPAL-COUNCIL-2026-BUDGET.pdf|2026|08|National Support (Grants)|099|Other Grants|2028|32262691
MAZABUKA-MUNICIPAL-COUNCIL-2026-BUDGET.pdf|2026|09|Donor Support (Grants)|001|Devolution Capital Grant|2026|12292683
MAZABUKA-MUNICIPAL-COUNCIL-2026-BUDGET.pdf|2026|09|Donor Support (Grants)|001|Devolution Capital Grant|2027|13030244
MAZABUKA-MUNICIPAL-COUNCIL-2026-BUDGET.pdf|2026|09|Donor Support (Grants)|001|Devolution Capital Grant|2028|13942361
